{"type":"FeatureCollection","features":[{"type":"Feature","id":0,"geometry":{"type":"Polygon","coordinates":[[[105.81599426200006,21.016126633000169],[105.8172378550002,21.017259599000113],[105.81933593800011,21.019058228000176],[105.8210830700001,21.023151397000163],[105.81980895999999,21.023395539000148],[105.82479858400001,21.027750015000152],[105.827354431,21.02956771800018],[105.82881927500006,21.032020568000121],[105.83026123000013,21.032091141000024],[105.82972717300004,21.030212403000178],[105.8317337040001,21.030227661000026],[105.83215332100008,21.03154754600007],[105.83357238800016,21.030551911000032],[105.83406829900008,21.030990600000166],[105.83474731500013,21.029825210000183],[105.83606720000017,21.030418396000073],[105.83814239500003,21.029312134000179],[105.83911132800017,21.029541017000042],[105.83932495200008,21.028451920000066],[105.84156036400009,21.028839111000025],[105.84303283600008,21.029363633000116],[105.84404754600018,21.030113221000136],[105.8441085820001,21.035034179000149],[105.844612122,21.039363862000187],[105.8473968510001,21.039939881000123],[105.84756469800004,21.039987564000114],[105.85002136100019,21.040756224999996],[105.85057067899999,21.04023170500011],[105.85635376000005,21.042430878000118],[105.84924316500013,21.054376603000037],[105.84453582700019,21.04949760400001],[105.84211730999999,21.04850959800018],[105.84001159700011,21.05063057000018],[105.83685302700007,21.047029496000107],[105.83628082200011,21.044038773000182],[105.83628845200019,21.041654587000096],[105.83100891000015,21.04170799200017],[105.82829284800016,21.03955841100003],[105.82099151600016,21.041912079000099],[105.81460571400009,21.043008805000056],[105.81350708000014,21.043802262000042],[105.81093597400002,21.046159745000182],[105.80609893800005,21.047641755000029],[105.80598449700005,21.043495178000057],[105.80711364800015,21.040107727000191],[105.8061752320001,21.040075303000151],[105.80643463100017,21.037683488000084],[105.80577087500012,21.035964965000062],[105.80135345500003,21.030233384000041],[105.80661010700015,21.027442933000145],[105.80693054200009,21.025764465000179],[105.809791566,21.025592804000098],[105.81027984600007,21.026201248000177],[105.81124877900004,21.025043488000165],[105.81197357100018,21.021539689000065],[105.81039428700007,21.020559311000113],[105.81137085000012,21.020067215000097],[105.81059265100015,21.018724442000064],[105.81599426200006,21.016126633000169]]]},"properties":{"FID":0,"GID_2":"VNM.27.3_1","GID_0":"VNM","COUNTRY":"Vietnam","GID_1":"VNM.27_1","NAME_1":"Hà Nội","NL_NAME_1":"NA","NAME_2":"Ba Đình","VARNAME_2":"Ba Dinh","NL_NAME_2":"NA","TYPE_2":"Quận","ENGTYPE_2":"Urban District","CC_2":"NA","HASC_2":"VN.CB.HQ"}},{"type":"Feature","id":1,"geometry":{"type":"Polygon","coordinates":[[[105.44478607200006,21.264818192000121],[105.44371032700013,21.269731522000029],[105.44067382900005,21.271879197000032],[105.43455505300005,21.273000718000162],[105.4316101070001,21.274309159000154],[105.42717742899998,21.277812958000084],[105.42100525000012,21.284540176000178],[105.41447448700001,21.291650771999969],[105.4095611570001,21.296264648000033],[105.40577697700019,21.299114228000064],[105.39395904500003,21.303318023000145],[105.39041137700013,21.303224564000175],[105.38681030300006,21.301496505000102],[105.37873077400013,21.292247772000167],[105.3744659420002,21.289539338000111],[105.36153411800012,21.283653259000062],[105.35672760100005,21.278055192000068],[105.3563995360002,21.267824173000065],[105.35599517900005,21.260213853000096],[105.35298919600012,21.245223999000075],[105.35002136200001,21.232429504000095],[105.34786987300009,21.226755143000162],[105.34635162400014,21.224546432000125],[105.34266662700014,21.221658707000188],[105.33280944800003,21.213489534000075],[105.32521057100001,21.20468902600004],[105.31681823800011,21.198163986000168],[105.30407714900008,21.190496444000132],[105.29705047700008,21.18406295799997],[105.29277038600009,21.17671966600011],[105.28913879400017,21.170303345000093],[105.28813171400014,21.164133071000094],[105.28937530500008,21.158649444000105],[105.29145050000011,21.152938844000118],[105.29480743400006,21.147695541000189],[105.29801177900003,21.144069671000182],[105.30570221000016,21.137794494000104],[105.31039428700018,21.128999710000016],[105.31966400100009,21.113794327000051],[105.32050323599998,21.109910965000097],[105.31824493500011,21.095359803000122],[105.31725311300011,21.092668533000051],[105.31307220500003,21.088865281000096],[105.30791473300019,21.08282470600011],[105.29974365300018,21.06666374100007],[105.29607391400003,21.05851364200015],[105.29404449400016,21.054676057000108],[105.2948303230001,21.045402527000022],[105.2972564690001,21.035217285000044],[105.29985046300015,21.02903556800004],[105.30484771700009,21.022289277000084],[105.31527709900007,21.011295319000112],[105.32176971500007,21.014659882000046],[105.32086181700009,21.018684388000167],[105.32209777800011,21.019493103000173],[105.32379913300014,21.017465591000132],[105.32392883400013,21.020278930000075],[105.3249053950002,21.02136993400012],[105.32658386300017,21.019645690999994],[105.32806396500001,21.01945495700005],[105.32891845700004,21.017391204999967],[105.32871246300004,21.016477585000075],[105.32774353000008,21.016914368000073],[105.32677459700011,21.016324997000083],[105.32682037400008,21.014781953000124],[105.32778930700005,21.013811112000155],[105.32663726800001,21.011415482000189],[105.32548522900004,21.011125564000167],[105.32516479400005,21.010263443000156],[105.32599639800014,21.010133743000097],[105.32559204200004,21.009687424000049],[105.32646942100007,21.0087337490001],[105.32800293000003,21.009153366000078],[105.32960510200007,21.007980346000181],[105.33084106500013,21.008821488000137],[105.33333587700014,21.008146287000159],[105.33523459900005,21.009358713000097],[105.33365711900007,21.010221041000023],[105.33592199900005,21.010303001000068],[105.33654800000011,21.011520000000132],[105.33849313600007,21.012302228000181],[105.3386187430001,21.012892946000022],[105.33877595100012,21.013631764000081],[105.34317016600016,21.012853621999966],[105.34598217900003,21.01309940200008],[105.34613800000005,21.013113000000146],[105.347739999,21.014076000000045],[105.35017391700012,21.010757121000154],[105.35105133000019,21.009048462000067],[105.35337066600005,21.007419587000072],[105.35897827100013,21.008941651000043],[105.36495971700015,21.011995315000092],[105.36603771700015,21.012649465000038],[105.36645885000007,21.012905017000037],[105.36663818300008,21.013013840000099],[105.36786772600016,21.013016692000178],[105.36916425500004,21.013019699000154],[105.37075042800006,21.013023377000081],[105.37159612000005,21.013282319000041],[105.3730337680002,21.013722511000026],[105.37543487500017,21.014457703000119],[105.37734209000013,21.017307081000126],[105.3790998880001,21.018898466999985],[105.38195800000017,21.021485999000049],[105.38473809000016,21.023242401000061],[105.38657883400003,21.024405288000082],[105.38695500200009,21.02464293100013],[105.38708500000018,21.019835001000047],[105.39210505200003,21.014502979000099],[105.39290839700016,21.014156054000125],[105.3936310000002,21.013844000000063],[105.3960918570001,21.014504063000004],[105.39756800100002,21.014900000000182],[105.39893171600016,21.014604648000102],[105.40255000000008,21.013820999000188],[105.40374957100011,21.014587782000092],[105.40825700000011,21.017468999000016],[105.41127000000017,21.018150000000162],[105.41301700000014,21.014198000000192],[105.41647392400017,21.011568855000178],[105.41676300000012,21.01134899900012],[105.42273931200003,21.013278687000081],[105.42356100100011,21.013544000000081],[105.43037399900015,21.015085000000056],[105.43131300100004,21.014732001000084],[105.43385300000017,21.01713899900011],[105.4390470040002,21.016026054000122],[105.440704224,21.015670802000045],[105.44100835300003,21.01540350900018],[105.44231414900008,21.014255523000088],[105.4431030560001,21.014102863000062],[105.44390100000004,21.013948001000188],[105.44564800000012,21.014978001000145],[105.44773899900002,21.014978001000145],[105.44895779800009,21.01462615500003],[105.45053100000007,21.014171999999974],[105.45282000000009,21.012195999000028],[105.45466962500007,21.011537486000179],[105.45480304400019,21.01149000200013],[105.45634290800007,21.011558640000146],[105.4570240000001,21.011588999000082],[105.45928999900008,21.013127999000062],[105.45985922800003,21.013039883000033],[105.46017456100009,21.012990951000063],[105.467079162,21.009019852000051],[105.46740219200012,21.009529442000087],[105.46828500100008,21.01092100000011],[105.46793400000007,21.013103001000104],[105.47005499900013,21.016335001000186],[105.47161899800011,21.020965994000107],[105.46973903200001,21.021508613000151],[105.46931466500018,21.02163121600006],[105.46884740000013,21.021930449000024],[105.46487426800002,21.024475097000106],[105.46370181800017,21.026535293000052],[105.46301280400019,21.02774612200011],[105.45839691200018,21.030422211000086],[105.45816891700008,21.030692399000088],[105.45722202600012,21.031814969000038],[105.45727141600014,21.032274903000086],[105.45813802499998,21.040340205000064],[105.45884712500003,21.046155292000094],[105.4590301520002,21.047655105999979],[105.45719146800013,21.0497493740001],[105.45788496900019,21.052612087000057],[105.45850400000018,21.055165999000167],[105.45993600399999,21.056578684999977],[105.4613950000001,21.058018000000175],[105.46127988500007,21.059064001000081],[105.46106000000009,21.061062000000106],[105.4617309410001,21.062469258000021],[105.46089935200013,21.064315796000074],[105.46180130500005,21.065449170000022],[105.46234900100006,21.066137000000083],[105.46246856800013,21.066636645000131],[105.46287536700009,21.068334580000055],[105.46449286299998,21.068410954000115],[105.46433300100011,21.070349000000078],[105.46475249200006,21.07074794100015],[105.46502689900012,21.071008875000075],[105.46575900000005,21.071705000000179],[105.46524805800004,21.072507892000033],[105.46293600000007,21.07087300000012],[105.46057903899998,21.0680468810001],[105.46117394200013,21.066215953000153],[105.46051000000006,21.065688999000088],[105.45998330399999,21.063180921000026],[105.45914460200004,21.059188889000154],[105.45820599900014,21.058924000000161],[105.45695506700019,21.059915947000093],[105.45793899900008,21.061883994000084],[105.45780349900002,21.061939533000157],[105.45690206500007,21.062309055000185],[105.45783035400001,21.063077534999991],[105.45875500100004,21.06384300000019],[105.45968599899999,21.066492000000153],[105.459640132,21.068476415000134],[105.459594864,21.07042889500002],[105.45939073500011,21.070271233000142],[105.45706900100004,21.068478000000027],[105.45706900100004,21.066755048000061],[105.45553600000011,21.065977000000032],[105.45500002300008,21.064690463000034],[105.45443712900004,21.063339308000081],[105.45369720500008,21.063766480000083],[105.45434888700004,21.066743941000141],[105.45444500100012,21.067183000000171],[105.44898199900007,21.063000000000102],[105.44610600000004,21.063025000000039],[105.44552140700006,21.062564751000025],[105.4451141350001,21.062244416000112],[105.44229126000005,21.06477546800005],[105.44009403800015,21.065710051000053],[105.44116199800004,21.067108001000065],[105.44011069300001,21.067911597000148],[105.43954500100011,21.068343999000035],[105.4391940000001,21.069477000000063],[105.44142200000005,21.073297001000185],[105.44113502300002,21.074893441000143],[105.44101715100004,21.075550080000028],[105.44098663400013,21.077478408000047],[105.43841552800018,21.079481125000086],[105.43997192400019,21.079811097000061],[105.44018554700017,21.081708909000042],[105.43813324000007,21.081726075000063],[105.43858337400002,21.083709717000033],[105.43955230699999,21.084653854000067],[105.43894195600006,21.086908340000093],[105.43981170600006,21.087779998000087],[105.43948364300019,21.088518143000158],[105.44042968800005,21.089447021000126],[105.4408493050002,21.09193420500003],[105.44422149600007,21.093734742000038],[105.44525146400019,21.09514999400011],[105.44114685100016,21.097627640000098],[105.44264216200014,21.098877085000026],[105.44220840100002,21.099950785000033],[105.44155883800005,21.101558686000089],[105.44065710100011,21.10200145500005],[105.44028503900006,21.102184143000045],[105.44094093600006,21.104566763000037],[105.4382781970001,21.102201462000153],[105.43484497100008,21.101657868000132],[105.4302368160001,21.103881835000038],[105.42778015000005,21.10416221600002],[105.42667388900009,21.103542329000163],[105.42584991500013,21.103939056000058],[105.42655181800018,21.105541230000085],[105.4237976080002,21.104736328000115],[105.42402648900003,21.105422975000181],[105.43029785100009,21.106637955000167],[105.43041992100007,21.109102250000035],[105.43139648500005,21.109418870000127],[105.430534362,21.109622957000056],[105.42961883600009,21.111616135000133],[105.42993186100017,21.115299282000137],[105.42992811300002,21.115308898000023],[105.42962963700001,21.116068299000062],[105.42945574800012,21.116511119000108],[105.42915344200014,21.117280961000063],[105.431052851,21.119983789000059],[105.42527003399999,21.122142987000188],[105.42520605300012,21.122413322000057],[105.42427100000015,21.126365998999972],[105.42427598400019,21.126377798000192],[105.42523193100016,21.128641029000107],[105.42517645600009,21.128664613000126],[105.42502500000018,21.128729000000192],[105.42379800000009,21.129250000000127],[105.42156200000016,21.131758000000161],[105.4209764090001,21.131703160000086],[105.42033392100006,21.1316433020001],[105.42004011000017,21.132765913000185],[105.41996000000012,21.133072001000073],[105.41900527900009,21.13346732500014],[105.41860999900007,21.133631000000094],[105.41862491600017,21.13482998600017],[105.41715933400002,21.134592324000039],[105.41618300000005,21.134434000000056],[105.4155308500001,21.134638775000042],[105.414629037,21.134922088000167],[105.41359722200019,21.135246242000164],[105.41420593499998,21.135785783000131],[105.41513824500004,21.13661193900009],[105.41524276500019,21.137232790000041],[105.4153257280002,21.137725589000183],[105.41551965300016,21.138875936999966],[105.41867828400012,21.139232637000191],[105.41909664700017,21.141177140000082],[105.41910200000018,21.141202000000135],[105.4191955190002,21.141636308000045],[105.4192200010001,21.141749999000126],[105.42010238500006,21.142028926000023],[105.42055511400014,21.142171860000133],[105.42018127400013,21.143720627000107],[105.42387390200014,21.147237777000157],[105.42520342000017,21.147312789000125],[105.42767752500015,21.147452378000025],[105.42779500800003,21.147459007000123],[105.42999265300006,21.149283630000014],[105.43210100100004,21.151034113000037],[105.432136969,21.151063974000067],[105.43463902200017,21.151378875000091],[105.43482070800013,21.151141395000025],[105.43683048600013,21.148514429000102],[105.43782011300004,21.147221032000061],[105.43783192100011,21.147224306000169],[105.44364400000006,21.148836000000131],[105.44542130100012,21.149328421000121],[105.44604370500014,21.146751578000135],[105.44606792200005,21.146650328000135],[105.44889076800007,21.147002971000063],[105.44841802100012,21.143995132000157],[105.44869121400006,21.14387812300015],[105.4493250000001,21.143607000000031],[105.45141995900013,21.142709731000139],[105.45387286300007,21.145297968000136],[105.45198821999998,21.147199630000102],[105.45704650900012,21.145486832000131],[105.4593276980001,21.149724961000061],[105.46138000500019,21.150222779000046],[105.46165466299999,21.152359009000008],[105.46047973700013,21.15375709500006],[105.46150970500008,21.153915405000191],[105.46218872000003,21.156307222000123],[105.46396637100014,21.155899048000094],[105.46418762100012,21.157573701000047],[105.46255493200016,21.158542634000185],[105.46301269600019,21.159545899000136],[105.46700286800012,21.161289215000124],[105.46598815800019,21.162466050000091],[105.46752166700014,21.163690568000163],[105.467788697,21.168621064000035],[105.46893310600012,21.168657303000145],[105.4694747920002,21.167839049999998],[105.47509765700011,21.172552108000048],[105.4698410040001,21.178750991000015],[105.46800994800014,21.182788850000065],[105.46517944300012,21.210496903000035],[105.46260833700006,21.217020033999972],[105.46207428000019,21.222709656000177],[105.46050262400018,21.226808548000065],[105.45215606700015,21.23799323999998],[105.44747161800007,21.250585557000136],[105.44623565699999,21.256004334000068],[105.44478607200006,21.264818192000121]]]},"properties":{"FID":1,"GID_2":"VNM.27.4_1","GID_0":"VNM","COUNTRY":"Vietnam","GID_1":"VNM.27_1","NAME_1":"Hà Nội","NL_NAME_1":"NA","NAME_2":"Ba Vì","VARNAME_2":"Ba Vi","NL_NAME_2":"NA","TYPE_2":"Huyện","ENGTYPE_2":"District","CC_2":"NA","HASC_2":"VN.KG.HT"}},{"type":"Feature","id":2,"geometry":{"type":"Polygon","coordinates":[[[105.767578125,21.047231673000056],[105.77149963400007,21.045349122000175],[105.77395629900019,21.047891617000118],[105.78153228700012,21.049570083000106],[105.78113555800007,21.044075013000167],[105.78637695400016,21.04430198600005],[105.78639221200018,21.046131134000007],[105.7903213510001,21.046144485000127],[105.7901611330002,21.047315597000079],[105.78808593700006,21.046583175000023],[105.78852081400009,21.047210694000171],[105.78674316400009,21.049432754000179],[105.78694915800008,21.051240921000101],[105.78928375200013,21.051897049000047],[105.78993988100018,21.049228669000058],[105.79148101800007,21.049043656000151],[105.79152679500004,21.047903062000103],[105.7900466910001,21.048192978000088],[105.79069519100011,21.047706605000087],[105.7907562260001,21.046157838000113],[105.79462432800005,21.046194077000166],[105.79499816800012,21.048660278000057],[105.794151306,21.049837113000137],[105.79490661600016,21.050317765000102],[105.79489135800014,21.050701141000047],[105.79992675900013,21.05533409100002],[105.79663085900012,21.058027267000114],[105.80499267600015,21.06587982200017],[105.80387115600007,21.06759262200012],[105.80477142300003,21.068929672000081],[105.80335235700005,21.070022584000071],[105.8037567130001,21.072376251000037],[105.80227661100002,21.072967529000096],[105.79998779400012,21.073848725000005],[105.80113983100011,21.078449249000187],[105.79940032900009,21.078660966000029],[105.79944610600006,21.079643250000117],[105.79584503199999,21.080247880000059],[105.79457092299998,21.079301834000091],[105.79385375900017,21.080844879000153],[105.79307556200018,21.090148927000087],[105.79172515900007,21.090168000000176],[105.79178619500016,21.09119415300006],[105.79523468100001,21.098295211000163],[105.78825378400001,21.097110748000148],[105.78010559000012,21.096736908000139],[105.77671813900008,21.096464158000117],[105.77169799800009,21.094486237000126],[105.76849365300012,21.093620300000168],[105.75375366200007,21.092700959000069],[105.75029754600013,21.093358994000027],[105.746467591,21.096122742000091],[105.73699951200007,21.105110168000124],[105.7295532230001,21.099609375],[105.72610473700007,21.099201203000177],[105.72503662200006,21.096820832000105],[105.72671508800005,21.093950272000143],[105.72592163100001,21.093446731000085],[105.72584533700012,21.085924149000107],[105.72747039799998,21.083084106000058],[105.72756958000002,21.081562042000087],[105.72611999500009,21.078407289000097],[105.72354125900006,21.076633453000056],[105.72376251200018,21.074655533000168],[105.72003173800005,21.072427749000042],[105.71899414100005,21.074775696000074],[105.71733093300014,21.071714401000179],[105.71734619200004,21.071214677000057],[105.71772766200019,21.070247649000123],[105.72092437700007,21.069557190000126],[105.72073364300013,21.068613053000092],[105.72426605300018,21.06601715100004],[105.72862243700018,21.061418533000051],[105.72968292200011,21.059047699000189],[105.728981019,21.058816911000065],[105.72944641100014,21.057538986000111],[105.7288436880001,21.056976320000103],[105.72945404100005,21.056560518000026],[105.73259735100009,21.05441284200009],[105.73259735100009,21.052881241000136],[105.73379516500006,21.052394868000135],[105.73443603499999,21.050895692000097],[105.7352294920002,21.05163574200003],[105.73574829100005,21.051097870000092],[105.7353210440001,21.050146102000042],[105.7370910640002,21.049726487000044],[105.73661804200015,21.046459197000104],[105.73706054800016,21.045392990000039],[105.74366760200007,21.043104172000028],[105.7504196160001,21.040681839000058],[105.75337219200014,21.037975312000071],[105.7577438350001,21.03889465300017],[105.75855255200014,21.038360595000029],[105.7606735220001,21.040050507000046],[105.76145935100004,21.041654587000096],[105.76229095500008,21.042819977000079],[105.76511383000013,21.043706893000092],[105.767578125,21.047231673000056]]]},"properties":{"FID":2,"GID_2":"VNM.27.2_1","GID_0":"VNM","COUNTRY":"Vietnam","GID_1":"VNM.27_1","NAME_1":"Hà Nội","NL_NAME_1":"NA","NAME_2":"Bắc Từ Liêm","VARNAME_2":"Bac Tu Liem","NL_NAME_2":"NA","TYPE_2":"Quận","ENGTYPE_2":"Urban District","CC_2":"NA","HASC_2":"VN.HT.HT"}},{"type":"Feature","id":3,"geometry":{"type":"Polygon","coordinates":[[[105.81208801300005,21.00720214800009],[105.81349182200012,21.008819581000068],[105.80473327599998,21.01524543700009],[105.80303954999999,21.017160415999967],[105.80031585700016,21.021759034000183],[105.79763793900008,21.024497986000142],[105.79817199700005,21.026544571000102],[105.80036926200006,21.029127122000148],[105.80135345500003,21.030233384000041],[105.80577087500012,21.035964965000062],[105.80643463100017,21.037683488000084],[105.8061752320001,21.040075303000151],[105.80711364800015,21.040107727000191],[105.80598449700005,21.043495178000057],[105.80609893800005,21.047641755000029],[105.8091278070001,21.05240249600007],[105.80886840800019,21.058895112000073],[105.80818176300016,21.058704376000094],[105.80821990999999,21.055536270000175],[105.80654907200017,21.05607414300016],[105.80596160900012,21.05565452500008],[105.80551147500017,21.055200576999994],[105.80623626700009,21.054220200000145],[105.80545806800012,21.053007126000182],[105.80317688100013,21.051471710000101],[105.80184936600011,21.049522400000114],[105.79994201700015,21.049526216000118],[105.79824829000006,21.047668456000054],[105.79490661600016,21.050317765000102],[105.794151306,21.049837113000137],[105.79499816800012,21.048660278000057],[105.79462432800005,21.046194077000166],[105.7907562260001,21.046157838000113],[105.79069519100011,21.047706605000087],[105.7900466910001,21.048192978000088],[105.79152679500004,21.047903062000103],[105.79148101800007,21.049043656000151],[105.78993988100018,21.049228669000058],[105.78928375200013,21.051897049000047],[105.78694915800008,21.051240921000101],[105.78674316400009,21.049432754000179],[105.78852081400009,21.047210694000171],[105.78808593700006,21.046583175000023],[105.7901611330002,21.047315597000079],[105.7903213510001,21.046144485000127],[105.78639221200018,21.046131134000007],[105.78637695400016,21.04430198600005],[105.78113555800007,21.044075013000167],[105.78153228700012,21.049570083000106],[105.77395629900019,21.047891617000118],[105.77149963400007,21.045349122000175],[105.76875305300007,21.042451859000153],[105.76770019600008,21.039724351000075],[105.7679748540001,21.036972045000084],[105.76872253400012,21.036708832000045],[105.76866149900013,21.035959245000129],[105.77282714900019,21.034614564000151],[105.77391815200014,21.033657074000132],[105.77372741600016,21.032773970999983],[105.77544403100018,21.032716751000066],[105.77545165900011,21.031639100000177],[105.77974700800013,21.031574249000016],[105.78185272200011,21.031255722000083],[105.7817230230001,21.029033661000142],[105.78388214200015,21.02922058200005],[105.78408050600007,21.026060104000067],[105.78404998700012,21.022760391000133],[105.78333282400018,21.020383835000132],[105.78504943900003,21.01753807200015],[105.786056519,21.017580033000172],[105.78744506900017,21.015874864000011],[105.79126739500003,21.011138917000153],[105.79022216900006,21.010400772000082],[105.79156494200009,21.008749008000166],[105.78942108100006,21.00717544600019],[105.7926712040001,21.003217698000128],[105.7913818360002,21.002359390000152],[105.79247283900014,21.000740052000083],[105.79299163900009,21.001121520000027],[105.79882049500009,21.004068375000088],[105.8046569830002,21.008544923000102],[105.80725097700002,21.007097245000011],[105.80863189700005,21.008066177999979],[105.81054687400018,21.006969452000192],[105.81208801300005,21.00720214800009]]]},"properties":{"FID":3,"GID_2":"VNM.27.5_1","GID_0":"VNM","COUNTRY":"Vietnam","GID_1":"VNM.27_1","NAME_1":"Hà Nội","NL_NAME_1":"NA","NAME_2":"Cầu Giấy","VARNAME_2":"Cau Giay","NL_NAME_2":"NA","TYPE_2":"Quận","ENGTYPE_2":"Urban District","CC_2":"NA","HASC_2":"VN.TH.HT"}},{"type":"Feature","id":4,"geometry":{"type":"Polygon","coordinates":[[[105.64809417700019,20.793676377000111],[105.65066528400001,20.79406738300014],[105.64967346300011,20.809486390000188],[105.64852142400008,20.814167022000049],[105.65416717600004,20.814067840000178],[105.65691375700004,20.814725876000125],[105.66394805900012,20.813175201000149],[105.66432189900013,20.814477921000105],[105.66262054500004,20.815166474000137],[105.66354370100004,20.815204621000191],[105.66745758100006,20.812702178000166],[105.66855621299999,20.813800812000125],[105.66780090300006,20.815715790000127],[105.66936492800005,20.814336777000165],[105.66972351000004,20.816184999000143],[105.67176055800019,20.813770294000108],[105.67384338300013,20.814685821000069],[105.6780624380001,20.814695359000154],[105.68102264400005,20.814020157000073],[105.68116760300006,20.812765121000155],[105.68205261300011,20.812858581000057],[105.68180847100012,20.814142228000151],[105.68613433900015,20.814073563000022],[105.68629455600012,20.812810898000123],[105.69373321500001,20.812503814000081],[105.69509124800004,20.814352036000059],[105.69523620600012,20.815874100000087],[105.69739532400007,20.815807344000063],[105.69933319000017,20.819105148000062],[105.69653320400016,20.824922561000108],[105.69724273700012,20.826475144000028],[105.69702911400015,20.828418732000102],[105.70711517200016,20.828907013000105],[105.70717620800002,20.829801560000135],[105.70968628000008,20.830022812000152],[105.71051788400013,20.82660675000011],[105.70743560700009,20.825487137000096],[105.7067947390002,20.82463073700012],[105.70775604200003,20.817770004000067],[105.70988464400011,20.813825608000059],[105.70925903300014,20.809726716000171],[105.71289062500006,20.808757781000054],[105.72580719000007,20.807542801000068],[105.72814941500013,20.807659149000074],[105.7321853640002,20.809131623000042],[105.73500061099998,20.809110642000178],[105.73876953100006,20.807420731000093],[105.74152374200014,20.805620194000028],[105.74389648300007,20.805164338000168],[105.74662780800003,20.806999206000114],[105.74950408900008,20.81030845600003],[105.75531768800016,20.813718796000103],[105.75269317600009,20.820394516000192],[105.75270843600009,20.820793152000135],[105.75440979100011,20.826595307000105],[105.76116180500009,20.834653854000123],[105.7608032230001,20.83709716900006],[105.75530243000014,20.83696937600007],[105.7392120360002,20.836824416000127],[105.73379516500006,20.840620041000022],[105.73393249600019,20.842712402000075],[105.73641204800015,20.845062257000052],[105.73963165300017,20.84621810900012],[105.75022125200019,20.846654892000117],[105.75553131100014,20.848014831000114],[105.75643158000014,20.850664140000049],[105.75498199499998,20.852886201000103],[105.75119018500015,20.85572242700016],[105.74167633100006,20.859258652000051],[105.73355102600004,20.865247726000177],[105.72866821200017,20.872041702000104],[105.72855377200011,20.87535095200019],[105.72962188700012,20.875953675000062],[105.734375,20.873008729000105],[105.73764038000019,20.87524414100011],[105.73897552500006,20.879720689000123],[105.73912048400007,20.886396409000042],[105.73586273199999,20.89226913400006],[105.73060607800011,20.893888473000175],[105.72686004700006,20.893257141000163],[105.72676849300012,20.897073747000093],[105.72512054400011,20.898305891999996],[105.73044586300006,20.907197952000161],[105.73467254600013,20.910800935000111],[105.73048400900001,20.912334442000088],[105.72670745800013,20.914989471000126],[105.72521972600009,20.915893554000036],[105.72364807200012,20.917734146999976],[105.72563171500019,20.918912888000079],[105.72720336899999,20.924472808000075],[105.71911621200013,20.927701950000085],[105.71860504100005,20.927234650000116],[105.71486663800005,20.927562712999986],[105.70758819700012,20.928865434000045],[105.70574951100002,20.930732727000077],[105.70591735800014,20.932777404999968],[105.70684814500015,20.933938980000107],[105.71032714800015,20.935306549000188],[105.71288299500014,20.935239793000164],[105.72257232600009,20.931221009000183],[105.72464752100012,20.931219102000114],[105.72602844300013,20.929275513000164],[105.72940826400009,20.930622100999983],[105.72660827600009,20.937883377000048],[105.72518157900009,20.939985275000026],[105.72369384700005,20.940420151000126],[105.7217788690001,20.935785292999981],[105.71862792900015,20.934381485000188],[105.71448516800012,20.935424804000093],[105.71217346200018,20.937324522999972],[105.71117401200007,20.939315796000187],[105.71150207500011,20.941816331000041],[105.71375274600007,20.944753646000152],[105.72233581500018,20.948822022000172],[105.72528839100005,20.951450348000037],[105.71598816000011,20.955722809999997],[105.71414947400007,20.956066131000114],[105.71210479800015,20.955276489000141],[105.70922088600008,20.957876206000037],[105.70717620800002,20.956258775000038],[105.70463562100008,20.957775115999993],[105.70423126200006,20.95673561000018],[105.70108795200008,20.957246781000094],[105.69960022000009,20.95570755000017],[105.69703674300018,20.956270218000043],[105.69609832800006,20.955152511000165],[105.69438934300013,20.955251693000037],[105.6935195920002,20.957109452000168],[105.69579315200019,20.964443206000169],[105.69509124800004,20.964727402000051],[105.69226074100004,20.961606979000067],[105.69023895399999,20.962474824000026],[105.68615722700008,20.961236954000071],[105.68653106700009,20.95864868200016],[105.68273162900016,20.957916260000161],[105.68310546900017,20.955314636000026],[105.67994689900013,20.954130173000124],[105.67848968600009,20.950748443999998],[105.67645263800011,20.95150375500009],[105.66276550400005,20.948930740000094],[105.66246795700005,20.948997498000097],[105.65229034300012,20.951513290000094],[105.64505004900002,20.951004029000103],[105.64495086699998,20.951929092000171],[105.64273071300016,20.954099656000039],[105.63830566500013,20.952939987000093],[105.63853454600013,20.95412254300004],[105.63498687700013,20.954034806000152],[105.63562774700006,20.955022812000038],[105.63365173200009,20.954948426000101],[105.63272857600009,20.949745178000171],[105.63049316400003,20.948362350000139],[105.63089752300004,20.947320939000008],[105.62631225600018,20.943122865000134],[105.62589263900014,20.941064836000123],[105.62218475300017,20.939815522000117],[105.62342834500004,20.938293458000146],[105.61800384600014,20.93638420100018],[105.61847686800002,20.934190751000074],[105.6202239980002,20.93291282600012],[105.6186065670002,20.930488587000127],[105.6169662480001,20.930353164000053],[105.61583709700005,20.932596207000074],[105.61462402300003,20.933332443000097],[105.6124801630001,20.93184471100011],[105.61528778100006,20.928476333000106],[105.6148071290001,20.926055908000137],[105.60909271200006,20.923524856000142],[105.60565185500019,20.92417907700019],[105.60402679400011,20.922594070000059],[105.60204315100003,20.922691344999976],[105.60102081300016,20.921031952000078],[105.60219574000013,20.91857147200011],[105.59761810400011,20.918216705000134],[105.59771728600015,20.914606094000078],[105.59725952200006,20.913011551000068],[105.59363555900018,20.913705826000012],[105.59266662600004,20.912647247000109],[105.59259033300003,20.911193848000039],[105.59108734000012,20.911514283000145],[105.5915756230001,20.913105011000141],[105.58843994100016,20.913093567000089],[105.58740997300004,20.911323547000165],[105.58482360900007,20.910339356000179],[105.58282470799998,20.910976411000036],[105.58181762600015,20.909982682000191],[105.58131408700012,20.910417557000187],[105.5821151720001,20.912237167000114],[105.57925415100004,20.915544510000132],[105.57602691700004,20.914449691000186],[105.57519531300011,20.913516998000034],[105.57215118500017,20.913719177000132],[105.5684204100001,20.911006927000074],[105.56732940700016,20.903415679000091],[105.56834411700009,20.90187454200003],[105.56637573200004,20.899591447000091],[105.5639343250001,20.898162842999966],[105.56456756500006,20.896560670000042],[105.56335449300008,20.895139694000079],[105.56250000000017,20.89700698900009],[105.56140899700006,20.897190095000155],[105.55934906000005,20.890016555999978],[105.55812835600011,20.890251160000048],[105.55665588400012,20.889282227000081],[105.55661773700012,20.888074875000029],[105.55532073900008,20.88632011500016],[105.55417633100006,20.886716844000034],[105.54432678200004,20.881654739000112],[105.54315185600012,20.881723405000116],[105.54386901800018,20.879173278000053],[105.54325866700003,20.877645494000149],[105.54414367800013,20.876699447000078],[105.54835510300018,20.878992081999968],[105.55075073200004,20.878719329000091],[105.55124664300013,20.881132125000022],[105.55287933400012,20.882558822000078],[105.55391693100012,20.882188797000083],[105.55386352600004,20.879957200000092],[105.55462646400008,20.879360199000189],[105.55932617200011,20.881084443000191],[105.56012725900007,20.879449844000192],[105.55923461999998,20.879423142000121],[105.55901336700009,20.878715514000191],[105.55990600600012,20.878179551000187],[105.55953216600011,20.877355575000024],[105.56172943199999,20.876174927000022],[105.56143188500016,20.875484468000025],[105.56354522700008,20.87593460100004],[105.56402587900004,20.874679565000122],[105.56542205800019,20.874589921000165],[105.56628418000008,20.872720718000153],[105.56901550300006,20.871957780000059],[105.56901550300006,20.871051788000102],[105.5716018670002,20.868740082000102],[105.5730972290001,20.868932723000171],[105.57529449499998,20.867279053000118],[105.5754470820001,20.864297866000129],[105.57943725700011,20.861282350000181],[105.57841491600016,20.859991074000106],[105.58011627100018,20.85807800200007],[105.58117675800008,20.858051301000103],[105.5825500480002,20.859222413000168],[105.58466315200002,20.857928939000089],[105.58416957500015,20.85677169600018],[105.5838930000001,20.856123000000139],[105.58417665300004,20.854972446000147],[105.58474699900012,20.852659000000074],[105.58475378600008,20.84904777100013],[105.5847550000002,20.848402000000078],[105.58477044200004,20.848394065000036],[105.58645591100014,20.847528045000161],[105.58578491200012,20.846815109000147],[105.58580259200016,20.846786329000054],[105.58612787200008,20.846256209000103],[105.58546432600008,20.846172132000163],[105.5855559860002,20.845062192000171],[105.58638000100007,20.84440800100009],[105.58718899300004,20.845622989000105],[105.58791351400004,20.845550538000055],[105.58761280100009,20.84454042800013],[105.58739533300007,20.843810789000088],[105.58719100000013,20.843141000000173],[105.58581900000013,20.84273700000017],[105.58532700000006,20.842592000000025],[105.58530399800014,20.842446620000089],[105.58519876900004,20.841783164000105],[105.58519699900006,20.841772000000049],[105.58566400000007,20.841299999000171],[105.58638700000006,20.840569000000187],[105.58469200100001,20.839546999000106],[105.58468288800009,20.839541498000074],[105.583496029,20.838825017000033],[105.5832670150001,20.837570081000138],[105.58166065200015,20.836674224000149],[105.58074994700019,20.836166352000077],[105.58038469600007,20.835962663000146],[105.58029200200002,20.835910971000146],[105.58052413300015,20.833318539000061],[105.58057682500009,20.832730072000118],[105.58067182400004,20.831669120000072],[105.58067299900006,20.831656001000169],[105.58066883800012,20.831644942000025],[105.58034938700007,20.830795878000117],[105.57993208900018,20.829686750000008],[105.57930800000014,20.828027998000096],[105.57967416600007,20.826912899000092],[105.57972698200018,20.826752055000156],[105.57957607900005,20.826589726000122],[105.5785040560001,20.825436532000083],[105.57796143100001,20.824853065000013],[105.5777691290001,20.824646288000054],[105.57759857100001,20.824462892000156],[105.57693543900007,20.823950472000035],[105.57638224900012,20.823523006000016],[105.57585795500006,20.823117869000157],[105.57474500000006,20.822257999999977],[105.57445230000002,20.822245875000135],[105.56459978700008,20.82183473300006],[105.56348931600013,20.821250815000042],[105.56111461900019,20.820002131000138],[105.56075771300016,20.819814424000128],[105.56071490300019,20.819791909000116],[105.56010270300015,20.816699655000093],[105.55892899900005,20.810772000000156],[105.55525209200016,20.806017010000005],[105.5553834820002,20.806032401000152],[105.55604560000012,20.806110172000103],[105.5562003600001,20.805615884000076],[105.55641937300004,20.804916381000169],[105.55801389000004,20.805185093000034],[105.55740400000008,20.803839000000096],[105.55780165400012,20.803734130000123],[105.55815124400004,20.803642274000026],[105.55824448000016,20.803737285000125],[105.55965399900015,20.805174001000182],[105.55965399900015,20.80593100100009],[105.55868398400008,20.806298668000068],[105.55866241700016,20.806306841000094],[105.55891175300019,20.806482246000144],[105.5593185420002,20.806768418000047],[105.56554410300004,20.80630302600008],[105.57122802700013,20.808383941000045],[105.57176302400012,20.808375847000036],[105.57601928700012,20.808311463000052],[105.58155059800009,20.811647416000142],[105.58353413300017,20.811897264000038],[105.58406100000013,20.817561999000191],[105.58496900000011,20.81888799900014],[105.58819600000015,20.820713000000069],[105.58727999900009,20.827502999999979],[105.58914200000009,20.831099000000165],[105.59563400100012,20.830990001000146],[105.59800700000011,20.833845000000167],[105.59675600100007,20.835316000000034],[105.5969849990002,20.839472000000171],[105.5962599990001,20.841652000000067],[105.59766400000018,20.840925000000141],[105.5981520000002,20.841980000000035],[105.60053300000004,20.841145999000048],[105.60303500000009,20.838067999000089],[105.60411100100004,20.838722000000132],[105.60625500100019,20.837920999000175],[105.60880290300014,20.838231989000178],[105.60924102400003,20.837908965000111],[105.61193847700002,20.83592033400015],[105.61275784600008,20.835983361000103],[105.61342620900001,20.836034773999984],[105.61425789399999,20.835311984000043],[105.61615000000006,20.831757000000096],[105.61915260799998,20.831839252000123],[105.61954495600014,20.831850000000145],[105.61916050800011,20.831549935000112],[105.61773699900004,20.830438715000184],[105.62221527100019,20.831895828000029],[105.62497711100008,20.831766129000016],[105.62609100300006,20.832611084000064],[105.62872314400016,20.83187103400013],[105.63059997599998,20.82943535000004],[105.63272857600009,20.829845429000102],[105.63350677500006,20.830636979000076],[105.63208007800006,20.832111358000077],[105.63206482000004,20.837736129000177],[105.63644409300014,20.839317323000103],[105.63510131800012,20.836517334000121],[105.63596344000007,20.8355121620001],[105.63521576000016,20.833162307000123],[105.63647460900017,20.830793381000035],[105.63861847000015,20.830291747999979],[105.63925170900006,20.829065323000066],[105.64029693600014,20.829286575000026],[105.64214325000012,20.827611924000109],[105.64035034100004,20.822580338000023],[105.63972473200005,20.824325563000116],[105.63835144000012,20.824785232000181],[105.63529968200004,20.822315216000106],[105.63322448700018,20.822301865000156],[105.63256835900006,20.821031571000049],[105.63038635200007,20.821031571000049],[105.63201141300016,20.820032119000132],[105.63088226299999,20.817331315000104],[105.62709808300008,20.815687180000054],[105.62709808300008,20.814918517000137],[105.62779235800002,20.814828873000181],[105.62789916999998,20.815633773000172],[105.6304550170002,20.815919877000056],[105.63059997599998,20.814060212000072],[105.63199615500014,20.813989639000056],[105.63194274900019,20.811590194000189],[105.63059234600007,20.810914994000086],[105.63241577200012,20.809305192000124],[105.63301086500007,20.80662727400005],[105.63246154900008,20.805767059000061],[105.63330078100012,20.805004120000035],[105.63262176400013,20.803110124],[105.63464355400009,20.801963807000106],[105.63449096700015,20.800899505000189],[105.63299560600018,20.800472260000106],[105.63285064700017,20.798896789000025],[105.63111877400013,20.797313690000067],[105.63323974600013,20.7959060660001],[105.63059234600007,20.793500901000129],[105.63292694100005,20.792675018000125],[105.63612365800014,20.793926239000143],[105.63702392500011,20.793085098999995],[105.64175415000011,20.792644501000154],[105.64809417700019,20.793676377000111]]]},"properties":{"FID":4,"GID_2":"VNM.27.6_1","GID_0":"VNM","COUNTRY":"Vietnam","GID_1":"VNM.27_1","NAME_1":"Hà Nội","NL_NAME_1":"NA","NAME_2":"Chương Mỹ","VARNAME_2":"Chuong My","NL_NAME_2":"NA","TYPE_2":"Huyện","ENGTYPE_2":"District","CC_2":"NA","HASC_2":"VN.HP.HA"}},{"type":"Feature","id":5,"geometry":{"type":"Polygon","coordinates":[[[105.72376251200018,21.074655533000168],[105.72354125900006,21.076633453000056],[105.72611999500009,21.078407289000097],[105.72756958000002,21.081562042000087],[105.72747039799998,21.083084106000058],[105.72584533700012,21.085924149000107],[105.72592163100001,21.093446731000085],[105.72671508800005,21.093950272000143],[105.72503662200006,21.096820832000105],[105.72610473700007,21.099201203000177],[105.7295532230001,21.099609375],[105.73699951200007,21.105110168000124],[105.74040222200006,21.108003616000076],[105.73902130200003,21.111383439000065],[105.73513794000007,21.115371704000097],[105.73336029000006,21.121976853000092],[105.73215484600018,21.122053147000031],[105.73065185500008,21.124927521000188],[105.73017120300011,21.126268387000096],[105.72772979800015,21.127573013000017],[105.72458648600013,21.13172722000013],[105.72211456300016,21.132705688000101],[105.71926116900011,21.131658554000126],[105.71468353199998,21.129833221000183],[105.71054077200006,21.135459900000058],[105.70525360000011,21.138307571000041],[105.69641113300008,21.140781402000187],[105.685134887,21.146299363000139],[105.6723937980002,21.14761924700008],[105.6611480310001,21.148042795000151],[105.65843012000016,21.149702102000049],[105.65593712700002,21.151223924000192],[105.65282440300007,21.152160645000151],[105.64472995400013,21.155744713000047],[105.64300100000003,21.158030000000053],[105.64271891700008,21.158402530000103],[105.64250183200011,21.158689499000161],[105.63830801500012,21.163483157000144],[105.63144700000009,21.171326000000022],[105.62755900000008,21.17424700000015],[105.62683771000013,21.174788810000052],[105.62584686400004,21.175533295000093],[105.62703700600008,21.168712851999999],[105.62722800000006,21.164213000000188],[105.62779588500007,21.150860967000085],[105.62802886900016,21.145380020000175],[105.62661810600008,21.142413425000143],[105.62399934600012,21.136907164000093],[105.62398500000018,21.136877000000084],[105.62341885200004,21.134417183000039],[105.62340499900006,21.134356999000033],[105.62531054300013,21.132184948000145],[105.6266937260001,21.130607605000137],[105.63001251200006,21.127119064000055],[105.63057708800005,21.125116348000063],[105.62986755500009,21.123777390000157],[105.62452697700013,21.120212555000137],[105.62438964800003,21.118656158000078],[105.625358581,21.117246629000078],[105.63043975900018,21.113204957000107],[105.63683319100016,21.111814498999991],[105.63759613000013,21.11134147700011],[105.63737487900005,21.110176087000184],[105.6397628790001,21.109552384000153],[105.63825225800008,21.105672837000043],[105.63639831600017,21.107021332000159],[105.63452148499999,21.100515365000035],[105.635086059,21.10035324200004],[105.63924407900015,21.099052429000096],[105.64331074800009,21.096418168000014],[105.64584350600006,21.093740463000074],[105.64669804800008,21.091762562000099],[105.64684200000005,21.091140000000109],[105.64714800000013,21.089809000000116],[105.64671563899998,21.089282086000026],[105.64661300000012,21.089157000000171],[105.64516409200013,21.087391112000091],[105.64359283500005,21.082921983000062],[105.64488995700009,21.075088572000027],[105.64534412600011,21.073099090000085],[105.64558416900019,21.072048131000088],[105.64762115400003,21.069171906000065],[105.65087890700005,21.068197251000129],[105.65268707200016,21.068563463000032],[105.65820312500011,21.072086335000051],[105.65951490500015,21.071964310000169],[105.66059487300015,21.07028145999999],[105.66232070800004,21.067591636000031],[105.66364288300008,21.065530778000038],[105.66427305000008,21.065940781000108],[105.66669500000012,21.067516000000182],[105.66599300000013,21.068315998999992],[105.66457207500002,21.068021532000046],[105.66416931200001,21.067938065000192],[105.66416931200001,21.07039826100015],[105.66474700000003,21.070882000000154],[105.66624486900008,21.07213848900011],[105.6668011970001,21.072604918000025],[105.66795596200018,21.072122837000052],[105.66897600100009,21.071696999000153],[105.66902600000009,21.071638000000178],[105.67025800000005,21.07020800000015],[105.67182900000017,21.070065000000056],[105.67218800000001,21.07003200000014],[105.67220052900007,21.070040006999989],[105.67256200000008,21.070271000000048],[105.67268048099999,21.070346750000056],[105.67234000000019,21.071318000000133],[105.67229612699998,21.071441526000058],[105.67213440000006,21.071897507000074],[105.6750272220001,21.073969977000104],[105.67571850200011,21.074465145000033],[105.6767348580002,21.075193173000059],[105.67568918000018,21.076458027000115],[105.6754887150002,21.076700450000146],[105.67542266900006,21.076780320000182],[105.67710096299999,21.078382059000148],[105.67750100000018,21.078764000000035],[105.67976525500018,21.08092551600015],[105.67759700000011,21.081509000000096],[105.6776633250002,21.082257777000166],[105.67784881600016,21.084354400000166],[105.67930206100004,21.084425431000113],[105.68022900099999,21.084471000000065],[105.68379001600005,21.087862661000088],[105.68573778100017,21.089717909000115],[105.68731688700007,21.090127957000163],[105.69133758500004,21.087255479000135],[105.69564819300001,21.086017608000134],[105.69669342100019,21.086528777000069],[105.69726562500011,21.083282470000142],[105.69805908300003,21.083467484000153],[105.6980438220001,21.082565309000017],[105.70156860400004,21.080451965000123],[105.70120239300002,21.078155517000027],[105.69844055100015,21.07493591399998],[105.70101165800014,21.07352829000007],[105.70452117800011,21.071607590000156],[105.70514679000019,21.071262359000059],[105.70549774100016,21.072130203000143],[105.70824432300003,21.071651460000055],[105.7090072630001,21.073965073000068],[105.71733093300014,21.071714401000179],[105.71899414100005,21.074775696000074],[105.72003173800005,21.072427749000042],[105.72376251200018,21.074655533000168]]]},"properties":{"FID":5,"GID_2":"VNM.27.8_1","GID_0":"VNM","COUNTRY":"Vietnam","GID_1":"VNM.27_1","NAME_1":"Hà Nội","NL_NAME_1":"NA","NAME_2":"Đan Phượng","VARNAME_2":"Dan Phuong","NL_NAME_2":"NA","TYPE_2":"Huyện","ENGTYPE_2":"District","CC_2":"NA","HASC_2":"VN.HI.HB"}},{"type":"Feature","id":6,"geometry":{"type":"Polygon","coordinates":[[[105.84167480500008,21.081155778000038],[105.84564209100006,21.080053329000009],[105.85547637899998,21.072738648000097],[105.86120605500014,21.068099976000155],[105.86479949900013,21.066524505000132],[105.87159729000007,21.067911147000075],[105.87796783500005,21.071111680000115],[105.88272857600003,21.074571609000145],[105.88654327500012,21.076816559000065],[105.89372253400018,21.079265594000105],[105.89772033600002,21.079790116000027],[105.90273284900007,21.078601838000111],[105.90450286900017,21.081668854000043],[105.90452586800001,21.082077698000091],[105.90458130800016,21.083063213000003],[105.90486145100016,21.088043213000105],[105.905554172,21.089382772000192],[105.90570338200013,21.089671307000174],[105.90575409000002,21.089769364000063],[105.90431213300019,21.089262008000162],[105.90355682500007,21.089971543000161],[105.89838409500015,21.096830368000042],[105.89643859900013,21.098335266000049],[105.89787292600005,21.101146697000047],[105.89922332700013,21.100914001000149],[105.900260925,21.106504441000141],[105.90151214600007,21.105276107999998],[105.9036026,21.10999107400005],[105.90559387299999,21.112539291000132],[105.90550994900019,21.114059449000138],[105.90980529800004,21.117362977000084],[105.91558075000006,21.118978500000082],[105.91558837900004,21.122076035000134],[105.91478729300002,21.121974946000023],[105.91279602000003,21.126518249000185],[105.91464233400006,21.127742768000132],[105.91558837900004,21.127061844000082],[105.91928100600018,21.129915238000137],[105.9178237910001,21.131984712000133],[105.92035675000017,21.134090423000146],[105.921875,21.135354995000171],[105.92292022700008,21.133871078000027],[105.92455291800007,21.134304046000182],[105.92517852800017,21.13450050299997],[105.92536926200012,21.136384964000058],[105.92383575500014,21.138189316000137],[105.92626190099998,21.140348434000032],[105.92507171599999,21.141582489000086],[105.92637634200014,21.142539979000105],[105.92643737700013,21.144460679000019],[105.92517852800017,21.145124435000071],[105.92560577300009,21.146978379000188],[105.92343139600018,21.147293091999984],[105.92216491700009,21.151725770000155],[105.91954803400006,21.155416488000128],[105.92108154300018,21.159635543000093],[105.9229354850001,21.161666870000033],[105.92285156200018,21.162773132000098],[105.92214202800011,21.163476945000127],[105.91928100600018,21.163192749000075],[105.91774749699999,21.166070939000178],[105.91714477600016,21.16780090300017],[105.91791534500004,21.169149399000162],[105.91700744700006,21.169656755000062],[105.91687774600007,21.17158317500008],[105.9181671140002,21.171611786000085],[105.91809082100019,21.173570633000054],[105.92119598400012,21.173711777000165],[105.92085266000015,21.175964356000122],[105.92163848900009,21.177013397000167],[105.92018127400002,21.178346635000139],[105.92366027900005,21.182739258000083],[105.91522216900012,21.18725586000005],[105.91603851200011,21.188816070000144],[105.91239929200009,21.19023704500006],[105.91220092700007,21.192348481000124],[105.90711975200003,21.192441940000151],[105.9054489130001,21.182857514000091],[105.90042114300013,21.182058334000033],[105.9014129640002,21.178092958000036],[105.89642334000018,21.176977158000113],[105.89601135300012,21.177793504000135],[105.89856720100005,21.18179130600015],[105.89842987000014,21.18303108200007],[105.89692687900003,21.184326172000112],[105.89246368500005,21.184192658000086],[105.8893127450001,21.185415268000156],[105.88665008500004,21.190114976000189],[105.87971496500018,21.18705368000019],[105.87679290800008,21.186843873000157],[105.87628936700008,21.188697815000069],[105.87718963700013,21.189123154000185],[105.87982177700013,21.188341141000024],[105.88227081200017,21.189579011000149],[105.88607788100012,21.198713303999966],[105.88993835400009,21.200546265000014],[105.89191436700008,21.202373505000025],[105.89188385000011,21.203273773000092],[105.89076202900009,21.204073104000088],[105.88945931900014,21.204723044000048],[105.88724517800017,21.205827713000019],[105.884785126,21.204415814000185],[105.88332366900016,21.203577042000063],[105.88213995700011,21.203463069000122],[105.879936257,21.203251008000109],[105.87501526000005,21.201992035000103],[105.87258911100014,21.20611381599997],[105.87155914300001,21.206493378000118],[105.8715286260001,21.203125001000046],[105.87275695900018,21.200614930000143],[105.87229919500015,21.19876670900004],[105.86892700200013,21.197488784000086],[105.86701965300011,21.198181152000188],[105.86681366000005,21.200696945000061],[105.86308288600009,21.199964523000062],[105.85912323000019,21.195095062000121],[105.849311828,21.190008164000005],[105.84525299000012,21.188844681000148],[105.84049224900008,21.190467835000163],[105.83840179400005,21.189363481000044],[105.83501434300018,21.186252595000042],[105.83094024700006,21.188171387000182],[105.82856750600013,21.188438415000064],[105.82293701200018,21.187068939000085],[105.81878662000014,21.184597015000065],[105.81625366100008,21.184196471000121],[105.81282806299998,21.184995651000179],[105.81305694600019,21.185976029000074],[105.8151702880001,21.186573027999998],[105.81535339400011,21.187360764000175],[105.81430816700009,21.189384462000135],[105.8121261600001,21.190923691000023],[105.80821228000008,21.190822602000082],[105.80450439500015,21.188945771000135],[105.80221557600004,21.187599183000088],[105.7999114980002,21.187589645000003],[105.79745483300007,21.191221238000026],[105.79483032200005,21.192556381000088],[105.7904586800002,21.190622330000053],[105.78941345100014,21.188083649000021],[105.79196929900002,21.185987473000182],[105.78975677500011,21.182065964000117],[105.79090118300013,21.18176078700003],[105.79045105000012,21.180063248000181],[105.78809356699998,21.180156706999981],[105.78792572100014,21.178932190000182],[105.78498840400005,21.179512024000019],[105.78463745200014,21.178049088000137],[105.78371429400011,21.178251267000064],[105.78369140600017,21.177427292000004],[105.78016662500011,21.178600312000071],[105.78012085000017,21.177494050000064],[105.77546692000004,21.179002763000085],[105.77522277900016,21.178226471000187],[105.77407837000004,21.178503037000155],[105.77389526400003,21.177873611999985],[105.77191925100004,21.178216933999977],[105.77106475900001,21.17550277700002],[105.77134704700012,21.169776916000103],[105.77010345400015,21.1694965370001],[105.77207183800016,21.149032593000129],[105.77115631100014,21.147577285000182],[105.77272033600013,21.145666123000126],[105.77365875300006,21.143430711000065],[105.76992035000012,21.140420915000107],[105.7689361570001,21.13799095100012],[105.76621246400009,21.135721207000074],[105.76309967000009,21.135255813000128],[105.76195526200013,21.135801316000084],[105.75896453900003,21.13499069300002],[105.75282287600015,21.134910584000068],[105.75360870300005,21.133762360000105],[105.7532730100001,21.131568910000169],[105.75094604600014,21.132385254000042],[105.7514495850001,21.133831024000131],[105.74968719500015,21.134696962000191],[105.74984741200018,21.13710021900016],[105.74786376900011,21.138082505000057],[105.74600982700014,21.133853912000063],[105.74420166000004,21.134342193000009],[105.74342346100002,21.131795883000052],[105.7421417230002,21.132801056000176],[105.74107360800002,21.128814697999985],[105.73840332100013,21.128360748000091],[105.73908233700001,21.127277374000187],[105.73878479100011,21.125585557000079],[105.73857879600001,21.125122071000078],[105.73697662400014,21.125717163000161],[105.73548889200015,21.123960496000166],[105.73594665600001,21.121900558999982],[105.73336029000006,21.121976853000092],[105.73513794000007,21.115371704000097],[105.73902130200003,21.111383439000065],[105.74040222200006,21.108003616000076],[105.73699951200007,21.105110168000124],[105.746467591,21.096122742000091],[105.75029754600013,21.093358994000027],[105.75375366200007,21.092700959000069],[105.76849365300012,21.093620300000168],[105.77169799800009,21.094486237000126],[105.77671813900008,21.096464158000117],[105.78010559000012,21.096736908000139],[105.78825378400001,21.097110748000148],[105.79523468100001,21.098295211000163],[105.79846954300018,21.100635528000112],[105.8055801390002,21.103017807000128],[105.8092346200001,21.10242271400017],[105.81617736800007,21.098762513000111],[105.82395935000005,21.096208573000183],[105.82877349800009,21.093784332000041],[105.83204650900012,21.090677262000042],[105.83590698200004,21.085361480000188],[105.84167480500008,21.081155778000038]]]},"properties":{"FID":6,"GID_2":"VNM.27.9_1","GID_0":"VNM","COUNTRY":"Vietnam","GID_1":"VNM.27_1","NAME_1":"Hà Nội","NL_NAME_1":"NA","NAME_2":"Đông Anh","VARNAME_2":"Dong Anh","NL_NAME_2":"NA","TYPE_2":"Huyện","ENGTYPE_2":"District","CC_2":"NA","HASC_2":"VN.DA.HC"}},{"type":"Feature","id":7,"geometry":{"type":"Polygon","coordinates":[[[105.84139251700014,21.013731003000032],[105.84143829400011,21.016086579000046],[105.84143829400011,21.016349793000131],[105.84145355200013,21.021158219000085],[105.84091186400008,21.021053314000028],[105.84156036400009,21.028839111000025],[105.83932495200008,21.028451920000066],[105.83911132800017,21.029541017000042],[105.83814239500003,21.029312134000179],[105.83606720000017,21.030418396000073],[105.83474731500013,21.029825210000183],[105.83406829900008,21.030990600000166],[105.83357238800016,21.030551911000032],[105.83215332100008,21.03154754600007],[105.8317337040001,21.030227661000026],[105.82972717300004,21.030212403000178],[105.83026123000013,21.032091141000024],[105.82881927500006,21.032020568000121],[105.827354431,21.02956771800018],[105.82479858400001,21.027750015000152],[105.81980895999999,21.023395539000148],[105.8210830700001,21.023151397000163],[105.81933593800011,21.019058228000176],[105.8172378550002,21.017259599000113],[105.81599426200006,21.016126633000169],[105.81059265100015,21.018724442000064],[105.81137085000012,21.020067215000097],[105.81039428700007,21.020559311000113],[105.81197357100018,21.021539689000065],[105.81124877900004,21.025043488000165],[105.81027984600007,21.026201248000177],[105.809791566,21.025592804000098],[105.80693054200009,21.025764465000179],[105.80661010700015,21.027442933000145],[105.80135345500003,21.030233384000041],[105.80036926200006,21.029127122000148],[105.79817199700005,21.026544571000102],[105.79763793900008,21.024497986000142],[105.80031585700016,21.021759034000183],[105.80303954999999,21.017160415999967],[105.80473327599998,21.01524543700009],[105.81349182200012,21.008819581000068],[105.81404876800019,21.008462906000148],[105.81596374500009,21.006290437000075],[105.81706237900005,21.004110337000157],[105.81813049400006,21.001585007000131],[105.82020568900009,21.003108978000171],[105.82408142100013,21.001960754000038],[105.82437133700012,21.001325607000126],[105.82575988700006,21.001527787000157],[105.83603668300003,20.998939515000075],[105.84270477300004,20.997272492000093],[105.84134674000001,21.000436783000168],[105.84142303500005,21.005104064000022],[105.84140014700006,21.007728577000023],[105.84139251700014,21.013731003000032]]]},"properties":{"FID":7,"GID_2":"VNM.27.7_1","GID_0":"VNM","COUNTRY":"Vietnam","GID_1":"VNM.27_1","NAME_1":"Hà Nội","NL_NAME_1":"NA","NAME_2":"Đống Đa","VARNAME_2":"Dong Da","NL_NAME_2":"NA","TYPE_2":"Quận","ENGTYPE_2":"Urban District","CC_2":"NA","HASC_2":"VN.HD.HD"}},{"type":"Feature","id":8,"geometry":{"type":"Polygon","coordinates":[[[105.96423339800003,20.985740662000183],[105.96181488000008,20.988340377999975],[105.96206665100004,20.989189148000037],[105.96463012700008,20.990539551000154],[105.96703338700013,20.990997315000186],[105.96917724700006,20.988630295000064],[105.97243499700016,20.989679336000108],[105.97264099200004,20.993286133000026],[105.97122955300006,20.995204925000166],[105.97235870400016,20.996730804000038],[105.97353363100007,20.996315002000074],[105.97774505600012,20.999423981000177],[105.98143768400013,20.997159959000101],[105.98515319800003,20.996812821000162],[105.98750305100003,20.997339248000117],[105.98936462300009,20.999008179000043],[105.99004364000001,20.99825096100011],[105.99190521200006,21.000959397000031],[105.99400329600007,21.000200272000029],[105.99462127700014,21.001359939000167],[105.99985504200004,20.99927330100013],[106.00013732800011,21.000247956000067],[106.00122833200015,21.000320435000106],[105.99909973200005,21.006624223000131],[106.00482940800003,21.007923126000037],[106.00489807100013,21.008508683000116],[106.00846862800006,21.008247376000043],[106.00894928100013,21.010501862000069],[106.01036834700011,21.01080131599997],[106.01017761300017,21.011306762000061],[106.00965881400009,21.012407304000192],[106.00445556599999,21.011709214000177],[106.00542450000006,21.013439179000045],[106.00489807100013,21.01384544400014],[106.00622558600008,21.015064241000175],[106.00373077400008,21.017089843000122],[106.00458526600011,21.02203369200015],[106.00695800800014,21.024234773000103],[106.00948333800017,21.024347306000095],[106.00645446900012,21.028860092000116],[106.01294708300014,21.030397415000039],[106.01646423300019,21.034410477000051],[106.0192565910001,21.039070130000027],[106.02005767900016,21.041448591999995],[106.02001190200019,21.047527314000092],[106.01398467900003,21.050909043000047],[106.0154037480001,21.052753449000022],[106.01375579900008,21.053741456000182],[106.0144119270002,21.055944444000033],[106.01012420600006,21.057157516000188],[106.00928497400008,21.055797577000192],[106.00823211700009,21.055503846000136],[106.00811004600007,21.056909562000101],[106.00705719000013,21.057689666000158],[106.0097885130001,21.062072754000098],[106.0090942380001,21.063694000000112],[106.00846099800015,21.064279557000191],[106.00666809099999,21.063051224000048],[106.00212860100009,21.069530488000055],[106.00122070400005,21.069112778000147],[105.99951934900008,21.074468612000089],[105.99364471400008,21.068958284000132],[105.98475647000009,21.069927216000167],[105.97835540700009,21.07006836100004],[105.9683761600001,21.072053909000033],[105.96891784700011,21.073587418000159],[105.96370697100008,21.077543258999981],[105.96201324400016,21.077936172000079],[105.9599456790001,21.088329316000113],[105.95793914800004,21.091262817000086],[105.94571685800008,21.084999085000163],[105.9445495610002,21.085372925000172],[105.94024658200004,21.083415986000148],[105.93969726600011,21.087879181000062],[105.94091796800018,21.089048385000183],[105.9381256100001,21.093900680000104],[105.93658447200011,21.093168258000048],[105.93596649100004,21.09524345300008],[105.93456268300008,21.096590043000106],[105.93640899700006,21.101646423000147],[105.93424224800009,21.102916718000188],[105.93463897600009,21.10337829700012],[105.9339523320001,21.104078292000054],[105.93476104700011,21.104881287000126],[105.934249878,21.105865478000112],[105.93089294300017,21.108757019000166],[105.93125152499999,21.110118865000061],[105.92939758300008,21.112621307000154],[105.92723846400008,21.111778260000108],[105.92501831000004,21.113126756000156],[105.9255447380001,21.114206314000114],[105.92144775300011,21.116693498000188],[105.92417907600003,21.120561599000041],[105.92256164500009,21.121488571000043],[105.92149353000008,21.118587494000053],[105.91558075000006,21.118978500000082],[105.90980529800004,21.117362977000084],[105.90550994900019,21.114059449000138],[105.90559387299999,21.112539291000132],[105.9036026,21.10999107400005],[105.90151214600007,21.105276107999998],[105.900260925,21.106504441000141],[105.89922332700013,21.100914001000149],[105.89787292600005,21.101146697000047],[105.89643859900013,21.098335266000049],[105.89838409500015,21.096830368000042],[105.90355682500007,21.089971543000161],[105.90431213300019,21.089262008000162],[105.90575409000002,21.089769364000063],[105.90570338200013,21.089671307000174],[105.905554172,21.089382772000192],[105.90486145100016,21.088043213000105],[105.90458130800016,21.083063213000003],[105.90452586800001,21.082077698000091],[105.90450286900017,21.081668854000043],[105.90273284900007,21.078601838000111],[105.9085617070001,21.077705384000183],[105.91178122000008,21.077201925000168],[105.91855621300016,21.075887681000154],[105.92456079000004,21.071930017000057],[105.92775726399998,21.067718506000062],[105.93268585200013,21.056922912000118],[105.93566894500009,21.047866821000184],[105.93802642800006,21.040096284000015],[105.93480682400008,21.035701753000126],[105.93508911200018,21.035076141000047],[105.9331665050002,21.033187867000152],[105.93359375000011,21.032577514000025],[105.92742157000009,21.026388169000086],[105.92718505900018,21.025657655000089],[105.9291839600001,21.024833679000096],[105.92973327600009,21.026014329000077],[105.93486022899998,21.024681091000105],[105.934249878,21.023923874000047],[105.93510437000003,21.023603439000112],[105.93465423700019,21.022527695000065],[105.93700409000019,21.021528244000081],[105.93794250600001,21.021112442000117],[105.92591095000017,21.019805908000023],[105.92606353700012,21.01727676400003],[105.92288208000002,21.016839981000032],[105.92414855999999,21.01439857500003],[105.9222412100001,21.014142990000096],[105.92258453400012,21.01210785000012],[105.91993713500017,21.011936187000174],[105.92018127400002,21.009525299000188],[105.92056274400016,21.00437545800014],[105.91445160000006,21.002021790000128],[105.91010284400016,21.004938126000184],[105.90380096400008,21.002307893000079],[105.90459442100007,21.000764848000188],[105.90068821600011,20.994285659000127],[105.90686848100012,20.987988804000054],[105.90868381000013,20.986139173000026],[105.90980529800004,20.983572007000078],[105.90947723400006,20.981063843000186],[105.90753173800005,20.977201462000096],[105.90287780800008,20.967763902000115],[105.89750671400014,20.960117341000114],[105.89277649000007,20.954824448000124],[105.89015197700007,20.951688766000188],[105.88639831600011,20.945203782000078],[105.8832092290001,20.940900803000147],[105.8802337640002,20.933403014000135],[105.88050079400011,20.93116760200013],[105.88368988100007,20.929216385000075],[105.89262390200008,20.929313659999991],[105.898208619,20.928958893000072],[105.90911865300018,20.926528932000167],[105.91524505500007,20.937091827000074],[105.91479492100012,20.937410355000168],[105.91226196300016,20.938398360999997],[105.91056823800011,20.941989899000191],[105.9035873410001,20.947206498000071],[105.90563964800015,20.95076942500009],[105.9070129390002,20.958084106000172],[105.90761566200007,20.958089829000187],[105.90888977000014,20.962524414000029],[105.91387939400016,20.972269058000052],[105.91519165,20.972253800000033],[105.91575622599998,20.975103378000085],[105.92028045600006,20.975629808000122],[105.92021179300014,20.974576951000131],[105.92321014300006,20.974575043000129],[105.92304229800015,20.975667955000119],[105.92448425300017,20.975746156000127],[105.92490387000015,20.97438430700015],[105.93015289300007,20.972547531000089],[105.93232727000009,20.973478317000172],[105.93636322000009,20.969558716000108],[105.93839264000013,20.9693756100001],[105.9386291510001,20.967699051000181],[105.94859314000018,20.969490051000037],[105.94916534400011,20.968561172000022],[105.94875335700004,20.967639923999968],[105.95270538300019,20.968423843000096],[105.95524597200017,20.968097687000125],[105.9550094610002,20.966161729000191],[105.95586395300006,20.965953827000192],[105.9561920160001,20.967575073000035],[105.95675659200009,20.967514038000047],[105.95655822800001,20.965982437999969],[105.95909881500017,20.966028213000129],[105.9591827390002,20.964862823000146],[105.96064758300008,20.963556290000156],[105.96449279800015,20.963405610000109],[105.96490478500004,20.967929840000181],[105.96567535300005,20.967937470000095],[105.96517944300007,20.9724845880001],[105.9629364020002,20.973529817000156],[105.96359253000008,20.974788666000109],[105.9618072520002,20.975940705000141],[105.96348571800013,20.98018455600004],[105.96231079099999,20.981536865000066],[105.96515655600018,20.983627320000096],[105.96564483700018,20.985034944000063],[105.96449279800015,20.984504699000126],[105.96423339800003,20.985740662000183]]]},"properties":{"FID":8,"GID_2":"VNM.27.10_1","GID_0":"VNM","COUNTRY":"Vietnam","GID_1":"VNM.27_1","NAME_1":"Hà Nội","NL_NAME_1":"NA","NAME_2":"Gia Lâm","VARNAME_2":"Gia Lam","NL_NAME_2":"NA","TYPE_2":"Huyện","ENGTYPE_2":"District","CC_2":"NA","HASC_2":"VN.QN.HH"}},{"type":"Feature","id":9,"geometry":{"type":"Polygon","coordinates":[[[105.71911621200013,20.927701950000085],[105.72720336899999,20.924472808000075],[105.72563171500019,20.918912888000079],[105.72364807200012,20.917734146999976],[105.72521972600009,20.915893554000036],[105.72670745800013,20.914989471000126],[105.73048400900001,20.912334442000088],[105.73467254600013,20.910800935000111],[105.736930847,20.91347885100015],[105.74081420900018,20.912605284999984],[105.74191284300008,20.912958146000165],[105.74192047100001,20.91536903400015],[105.74943542500012,20.916629791000105],[105.74849700900006,20.920528411000078],[105.75055694500014,20.920799256000009],[105.7502288820001,20.923175812000011],[105.75128173900009,20.923336030000144],[105.7506637580002,20.925945282000043],[105.75006103500016,20.925441741000043],[105.7499313360002,20.926139831000057],[105.74889373700006,20.926261902000135],[105.75033569300012,20.930238724000162],[105.75151825,20.929777147000095],[105.75189971800017,20.930698395000093],[105.75372314400005,20.929786682000099],[105.75457000800009,20.930883408000057],[105.75522613400005,20.929845810000188],[105.75777435300012,20.930614471000069],[105.75757598900003,20.932836533000113],[105.76215362599999,20.929883957000015],[105.76013183600003,20.928379059000065],[105.7647933950002,20.925346374000014],[105.76456451400014,20.924793243000181],[105.76712036100014,20.922861100000091],[105.76873779200014,20.924558640000043],[105.77647400000006,20.927377702000058],[105.77580261300017,20.929233551000038],[105.78136444100011,20.931083680000086],[105.78392028900004,20.931077958000174],[105.78591919000013,20.934574127000133],[105.78628540000005,20.937082291000024],[105.78573608400006,20.939224244000059],[105.78923034700006,20.938882828000033],[105.78986358700007,20.939599992000069],[105.78977966300005,20.941072464000058],[105.7882003790001,20.94099998500019],[105.78849029500014,20.942119598000147],[105.79183197000015,20.942464829000016],[105.79474639900013,20.950389863000112],[105.79392242500018,20.951406478000138],[105.79488372800006,20.954942704000132],[105.79748535200019,20.955703736000032],[105.79747772200011,20.957090379000135],[105.80015563900008,20.958263397000167],[105.80213928200016,20.956974029000094],[105.80430603100007,20.959032058000105],[105.79690551700008,20.96298408500013],[105.79281616300011,20.964277268000103],[105.7918853770002,20.965730667000003],[105.79306030200019,20.967575073000035],[105.79063415600012,20.968961716000138],[105.79369354200014,20.971202850999987],[105.79370117200006,20.973798752000107],[105.79655456600011,20.973903657000164],[105.79634857100018,20.97477722300016],[105.79920959500009,20.975313185999994],[105.79860687200005,20.978342057000077],[105.79718017500005,20.97805976900014],[105.79482269200014,20.980829239000172],[105.79545593200015,20.981233598000131],[105.79518127400013,20.982204438000167],[105.7967300410001,20.98336982800015],[105.79666900600012,20.984323503000098],[105.79553222800007,20.986013412000034],[105.79322815,20.984401704000049],[105.79292297300009,20.985370637000017],[105.78688049300018,20.98558425900012],[105.784126281,20.986555100000089],[105.78798675400014,20.98612022400016],[105.78836822500017,20.98686409000004],[105.78610229600019,20.987630845000183],[105.78660583499999,20.988721849000001],[105.78610992400007,20.988918305000141],[105.78443145800014,20.988901138000188],[105.78394317700014,20.987026215000071],[105.78157806400009,20.988636017000033],[105.78058624200014,20.98832702600015],[105.77803802500006,20.98408699200013],[105.77544403100018,20.985960007000131],[105.77339935300012,20.985042572000168],[105.77159881600005,20.985925675000146],[105.76731872600016,20.983404160000134],[105.76693725500013,20.984752655000079],[105.765945434,20.984540940000045],[105.76612091000015,20.982908249000047],[105.76475524800014,20.982902526000032],[105.7641677860002,20.980096817000117],[105.76197815000006,20.979730605000043],[105.76112365800003,20.980646133000107],[105.75929260200007,20.980655671000022],[105.75923919700017,20.981763840000099],[105.75777435300012,20.981178283000077],[105.75815582400014,20.985198974000127],[105.75566101200013,20.989727021000078],[105.74608612100008,20.993255616000056],[105.74432373100012,20.994152069000108],[105.74416351300016,20.995502472000169],[105.7404098520002,20.994581223000068],[105.74015045200002,20.995439529000009],[105.73882293800017,20.994953156000179],[105.73782348600008,20.996648788000186],[105.7352828970001,20.996582032000163],[105.73043060200013,20.995292664000033],[105.72988891699998,20.993774413000097],[105.73157501300005,20.993177415000105],[105.72998046900011,20.991733550000106],[105.73069763200004,20.990472794000027],[105.73281860400004,20.990674973000182],[105.73516845700004,20.986234665000097],[105.74183654699999,20.984458924000023],[105.74178314200014,20.98283386300011],[105.74053955100015,20.981510163000166],[105.74115753200005,20.973823548000041],[105.7388687130001,20.970365524000101],[105.73987579300012,20.968673707000164],[105.74073028500015,20.968885422000028],[105.74145507900005,20.968059541000173],[105.74181366000016,20.967027665000046],[105.74121856800014,20.966901779000125],[105.74063110300011,20.965908050000053],[105.74114990200013,20.965002060000074],[105.74195861800007,20.965320587000008],[105.7428512570001,20.963893891000112],[105.73942565900001,20.962581634000173],[105.73883056600005,20.963743211000065],[105.73139190699999,20.959642411000061],[105.73033905000005,20.960863114000063],[105.72486877400002,20.955394745000149],[105.72572326700015,20.953256607000185],[105.72528839100005,20.951450348000037],[105.72233581500018,20.948822022000172],[105.71375274600007,20.944753646000152],[105.71150207500011,20.941816331000041],[105.71117401200007,20.939315796000187],[105.71217346200018,20.937324522999972],[105.71448516800012,20.935424804000093],[105.71862792900015,20.934381485000188],[105.7217788690001,20.935785292999981],[105.72369384700005,20.940420151000126],[105.72518157900009,20.939985275000026],[105.72660827600009,20.937883377000048],[105.72940826400009,20.930622100999983],[105.72602844300013,20.929275513000164],[105.72464752100012,20.931219102000114],[105.72257232600009,20.931221009000183],[105.71288299500014,20.935239793000164],[105.71032714800015,20.935306549000188],[105.70684814500015,20.933938980000107],[105.70591735800014,20.932777404999968],[105.70574951100002,20.930732727000077],[105.70758819700012,20.928865434000045],[105.71486663800005,20.927562712999986],[105.71860504100005,20.927234650000116],[105.71911621200013,20.927701950000085]]]},"properties":{"FID":9,"GID_2":"VNM.27.11_1","GID_0":"VNM","COUNTRY":"Vietnam","GID_1":"VNM.27_1","NAME_1":"Hà Nội","NL_NAME_1":"NA","NAME_2":"Hà Đông","VARNAME_2":"Ha Dong","NL_NAME_2":"NA","TYPE_2":"Quận","ENGTYPE_2":"Urban District","CC_2":"NA","HASC_2":"VN.ND.HH"}},{"type":"Feature","id":10,"geometry":{"type":"Polygon","coordinates":[[[105.85042571999998,20.993041992000144],[105.85204315100015,20.994150161000107],[105.85358429000001,20.993696212000089],[105.85601806700004,20.994174957000041],[105.85678100500013,20.993173600000034],[105.85803985699999,20.993247986000142],[105.85871124300013,20.995285034000119],[105.86078643800016,20.995748520999996],[105.8618927,20.994594574000189],[105.86078643800016,20.993896484000174],[105.86119842500005,20.992679597000119],[105.86264801000016,20.992813111000146],[105.86225891200013,20.996097565000127],[105.86358642700009,20.995628357000044],[105.86360168500011,20.99451637300001],[105.86589050200007,20.99462509100016],[105.86588287400014,20.993034363000163],[105.87174991000006,20.992561174000173],[105.87343290100017,20.992710324000086],[105.87371064300004,20.99273496800015],[105.8740159260002,20.994300894000048],[105.87593078500009,20.994277980000106],[105.87583160300005,20.997137071000168],[105.87797500300007,20.997171198000046],[105.87799800000016,20.998890000000131],[105.87841000000014,20.999767000000077],[105.87856293000016,21.000093006000043],[105.87697041300009,21.000603212000158],[105.87529800000004,21.00113900000008],[105.87533827000016,21.001653295000096],[105.87538127400018,21.002198994000025],[105.87688400000013,21.002152999000032],[105.87845943200011,21.001297383000121],[105.87947078300004,21.00074793400006],[105.88233900100005,21.001326000000063],[105.88307189900013,21.002700806000178],[105.87498474100011,21.005308151000122],[105.86999511700009,21.011039735000111],[105.86779785200014,21.019887924000045],[105.86199188200004,21.018550874000084],[105.85875701800012,21.01906585800009],[105.85594940100003,21.018930435000186],[105.85466766400015,21.018173219000062],[105.85319519000018,21.018356323000091],[105.85131835900006,21.018325806000121],[105.85036468499999,21.019386291000046],[105.84954833900014,21.018690108999976],[105.84892273000014,21.018817902000023],[105.84282684400011,21.020730972000024],[105.84145355200013,21.021158219000085],[105.84143829400011,21.016349793000131],[105.84143829400011,21.016086579000046],[105.84139251700014,21.013731003000032],[105.84140014700006,21.007728577000023],[105.84142303500005,21.005104064000022],[105.84134674000001,21.000436783000168],[105.84270477300004,20.997272492000093],[105.84281158400006,20.99544715900015],[105.84117889400017,20.992042542000092],[105.84280395500008,20.992090225000027],[105.84432983400012,20.99404335100013],[105.84591674900003,20.992645263000099],[105.846038819,20.991575240000145],[105.84864044100016,20.990163804000076],[105.84968566800006,20.990736008000169],[105.85059356800019,20.989969255000005],[105.85142517200006,20.990755082000135],[105.85150146500007,20.992424012000185],[105.85049438599998,20.992424012000185],[105.85042571999998,20.993041992000144]]]},"properties":{"FID":10,"GID_2":"VNM.27.12_1","GID_0":"VNM","COUNTRY":"Vietnam","GID_1":"VNM.27_1","NAME_1":"Hà Nội","NL_NAME_1":"NA","NAME_2":"Hai Bà Trưng","VARNAME_2":"Hai Ba Trung","NL_NAME_2":"NA","TYPE_2":"Quận","ENGTYPE_2":"Urban District","CC_2":"NA","HASC_2":"VN.QT.HL"}},{"type":"Feature","id":11,"geometry":{"type":"Polygon","coordinates":[[[105.7428512570001,20.963893891000112],[105.74195861800007,20.965320587000008],[105.74114990200013,20.965002060000074],[105.74063110300011,20.965908050000053],[105.74121856800014,20.966901779000125],[105.74181366000016,20.967027665000046],[105.74145507900005,20.968059541000173],[105.74073028500015,20.968885422000028],[105.73987579300012,20.968673707000164],[105.7388687130001,20.970365524000101],[105.74115753200005,20.973823548000041],[105.74053955100015,20.981510163000166],[105.74178314200014,20.98283386300011],[105.74183654699999,20.984458924000023],[105.73516845700004,20.986234665000097],[105.73281860400004,20.990674973000182],[105.73069763200004,20.990472794000027],[105.72998046900011,20.991733550000106],[105.73157501300005,20.993177415000105],[105.72988891699998,20.993774413000097],[105.73043060200013,20.995292664000033],[105.7352828970001,20.996582032000163],[105.73464202900016,21.002773285000046],[105.73411560000005,21.002742768000076],[105.73367309600019,21.004285813000138],[105.73517608700013,21.005033493000155],[105.73582458500016,21.008260726999993],[105.73302459600018,21.008115768000039],[105.73304748500004,21.011215210000159],[105.73240661700015,21.011943817000088],[105.73397064300002,21.015428543000155],[105.73255157400013,21.016807556999993],[105.73126983600014,21.016530992000128],[105.72980499300019,21.018024445000151],[105.73394012400007,21.021469116000162],[105.73446655400011,21.022773742000084],[105.73571014400017,21.021669388000191],[105.7369537350001,21.023315430000139],[105.73770141600011,21.023216248000097],[105.73775482300016,21.022342682000158],[105.73871612500011,21.022914886000081],[105.73911285400015,21.02518844500014],[105.73756408700018,21.026058196000065],[105.73844146700014,21.027297974000135],[105.73713684100017,21.030942917000004],[105.73876190200008,21.031816483000171],[105.73819732600009,21.032629014000179],[105.73896789500014,21.032691957000168],[105.73901367200011,21.03498840400016],[105.73825836200018,21.035573959000033],[105.73847198400006,21.036506653000117],[105.73500061099998,21.036838531000058],[105.7335891730001,21.038236619000088],[105.73410797200012,21.040718078000168],[105.73355102600004,21.043180466000138],[105.73207855200008,21.044687271000043],[105.73261261000005,21.045354842999984],[105.73161316000011,21.046466827000188],[105.72977447400001,21.046907425000029],[105.72951507700014,21.048061372000063],[105.72795105100005,21.048416139000153],[105.7286834730001,21.050539018000052],[105.7265625010001,21.052961348999986],[105.7281112660001,21.054891587000043],[105.72945404100005,21.056560518000026],[105.7288436880001,21.056976320000103],[105.72944641100014,21.057538986000111],[105.728981019,21.058816911000065],[105.72968292200011,21.059047699000189],[105.72862243700018,21.061418533000051],[105.72426605300018,21.06601715100004],[105.72073364300013,21.068613053000092],[105.72092437700007,21.069557190000126],[105.71772766200019,21.070247649000123],[105.71734619200004,21.071214677000057],[105.71733093300014,21.071714401000179],[105.7090072630001,21.073965073000068],[105.70824432300003,21.071651460000055],[105.70549774100016,21.072130203000143],[105.70514679000019,21.071262359000059],[105.70452117800011,21.071607590000156],[105.70101165800014,21.07352829000007],[105.69844055100015,21.07493591399998],[105.70120239300002,21.078155517000027],[105.70156860400004,21.080451965000123],[105.6980438220001,21.082565309000017],[105.69805908300003,21.083467484000153],[105.69726562500011,21.083282470000142],[105.69669342100019,21.086528777000069],[105.69564819300001,21.086017608000134],[105.69133758500004,21.087255479000135],[105.68731688700007,21.090127957000163],[105.68573778100017,21.089717909000115],[105.68379001600005,21.087862661000088],[105.68022900099999,21.084471000000065],[105.67930206100004,21.084425431000113],[105.67784881600016,21.084354400000166],[105.6776633250002,21.082257777000166],[105.67759700000011,21.081509000000096],[105.67976525500018,21.08092551600015],[105.67750100000018,21.078764000000035],[105.67710096299999,21.078382059000148],[105.67542266900006,21.076780320000182],[105.6754887150002,21.076700450000146],[105.67568918000018,21.076458027000115],[105.6767348580002,21.075193173000059],[105.67571850200011,21.074465145000033],[105.6750272220001,21.073969977000104],[105.67213440000006,21.071897507000074],[105.67229612699998,21.071441526000058],[105.67234000000019,21.071318000000133],[105.67268048099999,21.070346750000056],[105.67256200000008,21.070271000000048],[105.67220052900007,21.070040006999989],[105.67218800000001,21.07003200000014],[105.67182900000017,21.070065000000056],[105.67025800000005,21.07020800000015],[105.66902600000009,21.071638000000178],[105.66897600100009,21.071696999000153],[105.66795596200018,21.072122837000052],[105.6668011970001,21.072604918000025],[105.66624486900008,21.07213848900011],[105.66474700000003,21.070882000000154],[105.66416931200001,21.07039826100015],[105.66416931200001,21.067938065000192],[105.66457207500002,21.068021532000046],[105.66599300000013,21.068315998999992],[105.66669500000012,21.067516000000182],[105.66427305000008,21.065940781000108],[105.66364288300008,21.065530778000038],[105.66471862800017,21.062730789000113],[105.66313934400006,21.059555053000054],[105.66157531800019,21.05871391400018],[105.6593933110002,21.058652878000089],[105.65550231900011,21.060007095000174],[105.64957428100007,21.064954759000102],[105.64907074000007,21.064687729000184],[105.64735412700009,21.065177917000085],[105.64581298700011,21.062713624000025],[105.64613342200005,21.060586929000181],[105.6480331410001,21.05845260600006],[105.64929199200009,21.050172806000148],[105.6494216910001,21.045421601000044],[105.65080261300011,21.043985366000129],[105.65093994200004,21.043132781000168],[105.65278625400003,21.042200089999994],[105.65332031200018,21.039354324000101],[105.65517425600007,21.039388656000085],[105.65453338600014,21.037521363000053],[105.66514587300009,21.033327104000023],[105.66560363700012,21.032136918000162],[105.66501617400013,21.03152084400017],[105.66727447500017,21.030511857000079],[105.66894531300005,21.024585724000076],[105.66859436000004,21.02393341100003],[105.6702800000001,21.02295300000003],[105.67029349900002,21.022946103000038],[105.67087300000014,21.022650000000169],[105.67227200000008,21.021935000000155],[105.67705500000005,21.018967000000089],[105.67650200000008,21.015730000000133],[105.67638403700005,21.015041215000053],[105.6765629030001,21.014663288000122],[105.67709400000007,21.013542000000086],[105.67694886300006,21.013557844000161],[105.67640699500015,21.013616549000119],[105.67640300000011,21.013270000000148],[105.67640062000004,21.01308141700008],[105.6763991200001,21.012952806000044],[105.67653083700009,21.01061444200019],[105.67661292200006,21.009157181000091],[105.675115135,21.008703327000035],[105.67359161400015,21.00824165400013],[105.67187842900006,21.008560222000028],[105.67174502900008,21.008585166000103],[105.67066192600004,21.009212494000167],[105.66626698100015,21.009237078000069],[105.66377259700016,21.007961216000183],[105.66397857600003,21.007072449000134],[105.66299438700008,21.006168360000174],[105.66376495300005,21.002668380000159],[105.6669082630001,20.99859619199998],[105.66706832200009,20.997254998000074],[105.66733551100009,20.995016099000168],[105.66590885900018,20.986791866000146],[105.66568501900014,20.986582469000098],[105.664947509,20.985893249000128],[105.66532428600004,20.985481722000088],[105.6657330000001,20.985035000000039],[105.66529353900006,20.983976802000086],[105.66490183000008,20.983034058000044],[105.6659851070001,20.982177735000164],[105.66767120400004,20.982116699000073],[105.67284393400013,20.984529495000061],[105.67436981300017,20.98661995000009],[105.67578124900007,20.986145020000095],[105.6767425540001,20.984540940000045],[105.68154907200005,20.978775025000175],[105.68477630600012,20.976734162000184],[105.68520355300001,20.975133897000035],[105.68668365500008,20.974834443000077],[105.68586730900006,20.972505569000134],[105.68376159799999,20.970415116000083],[105.68465423500004,20.969612121000182],[105.68700409000007,20.96965789800015],[105.68669128499999,20.970882416000052],[105.68907165400009,20.97441864100017],[105.69364929099999,20.97753143400007],[105.69532776000005,20.978481294000119],[105.69912719800004,20.978004456999997],[105.70339965800019,20.975332261000062],[105.70526123000002,20.973628999000027],[105.70774841400015,20.972818373999985],[105.70932769800004,20.972709656000063],[105.71295928900008,20.968969346000051],[105.71504974400011,20.963085175000174],[105.72486877400002,20.955394745000149],[105.73033905000005,20.960863114000063],[105.73139190699999,20.959642411000061],[105.73883056600005,20.963743211000065],[105.73942565900001,20.962581634000173],[105.7428512570001,20.963893891000112]]]},"properties":{"FID":11,"GID_2":"VNM.27.13_1","GID_0":"VNM","COUNTRY":"Vietnam","GID_1":"VNM.27_1","NAME_1":"Hà Nội","NL_NAME_1":"NA","NAME_2":"Hoài Đức","VARNAME_2":"Hoai Duc","NL_NAME_2":"NA","TYPE_2":"Huyện","ENGTYPE_2":"District","CC_2":"NA","HASC_2":"VN.BU.HT"}},{"type":"Feature","id":12,"geometry":{"type":"Polygon","coordinates":[[[105.84156036400009,21.028839111000025],[105.84091186400008,21.021053314000028],[105.84145355200013,21.021158219000085],[105.84282684400011,21.020730972000024],[105.84892273000014,21.018817902000023],[105.84954833900014,21.018690108999976],[105.85036468499999,21.019386291000046],[105.85131835900006,21.018325806000121],[105.85319519000018,21.018356323000091],[105.85466766400015,21.018173219000062],[105.85594940100003,21.018930435000186],[105.85875701800012,21.01906585800009],[105.86199188200004,21.018550874000084],[105.86779785200014,21.019887924000045],[105.86633300800008,21.024585724000076],[105.86462402300015,21.030263901000183],[105.86185455300017,21.033544542000072],[105.85832214300007,21.040288925000084],[105.85635376000005,21.042430878000118],[105.85057067899999,21.04023170500011],[105.85002136100019,21.040756224999996],[105.84756469800004,21.039987564000114],[105.8473968510001,21.039939881000123],[105.844612122,21.039363862000187],[105.8441085820001,21.035034179000149],[105.84404754600018,21.030113221000136],[105.84303283600008,21.029363633000116],[105.84156036400009,21.028839111000025]]]},"properties":{"FID":12,"GID_2":"VNM.27.14_1","GID_0":"VNM","COUNTRY":"Vietnam","GID_1":"VNM.27_1","NAME_1":"Hà Nội","NL_NAME_1":"NA","NAME_2":"Hoàn Kiếm","VARNAME_2":"Hoan Kiem","NL_NAME_2":"NA","TYPE_2":"Quận","ENGTYPE_2":"Urban District","CC_2":"NA","HASC_2":"VN.BU.HB"}},{"type":"Feature","id":13,"geometry":{"type":"Polygon","coordinates":[[[105.84417724700018,20.951126100000181],[105.84641265900007,20.951711655000054],[105.85632324200014,20.956180572000051],[105.85849762100003,20.957313537000118],[105.86003875800009,20.953683854000076],[105.86371612500017,20.95132827700013],[105.86628723100011,20.950874328000111],[105.86662292400007,20.951780320000125],[105.86991119300012,20.95040130600006],[105.87320709300013,20.955123902000025],[105.87921142599998,20.951190948000033],[105.88639831600011,20.945203782000078],[105.89015197700007,20.951688766000188],[105.89277649000007,20.954824448000124],[105.89750671400014,20.960117341000114],[105.90287780800008,20.967763902000115],[105.90753173800005,20.977201462000096],[105.90947723400006,20.981063843000186],[105.90980529800004,20.983572007000078],[105.90868381000013,20.986139173000026],[105.90686848100012,20.987988804000054],[105.90068821600011,20.994285659000127],[105.894081116,20.999013901000183],[105.88307189900013,21.002700806000178],[105.88233900100005,21.001326000000063],[105.87947078300004,21.00074793400006],[105.87845943200011,21.001297383000121],[105.87688400000013,21.002152999000032],[105.87538127400018,21.002198994000025],[105.87533827000016,21.001653295000096],[105.87529800000004,21.00113900000008],[105.87697041300009,21.000603212000158],[105.87856293000016,21.000093006000043],[105.87841000000014,20.999767000000077],[105.87799800000016,20.998890000000131],[105.87797500300007,20.997171198000046],[105.87583160300005,20.997137071000168],[105.87593078500009,20.994277980000106],[105.8740159260002,20.994300894000048],[105.87371064300004,20.99273496800015],[105.87343290100017,20.992710324000086],[105.87174991000006,20.992561174000173],[105.86588287400014,20.993034363000163],[105.86589050200007,20.99462509100016],[105.86360168500011,20.99451637300001],[105.86358642700009,20.995628357000044],[105.86225891200013,20.996097565000127],[105.86264801000016,20.992813111000146],[105.86119842500005,20.992679597000119],[105.86078643800016,20.993896484000174],[105.8618927,20.994594574000189],[105.86078643800016,20.995748520999996],[105.85871124300013,20.995285034000119],[105.85803985699999,20.993247986000142],[105.85678100500013,20.993173600000034],[105.85601806700004,20.994174957000041],[105.85358429000001,20.993696212000089],[105.85204315100015,20.994150161000107],[105.85042571999998,20.993041992000144],[105.85049438599998,20.992424012000185],[105.85150146500007,20.992424012000185],[105.85142517200006,20.990755082000135],[105.85059356800019,20.989969255000005],[105.84968566800006,20.990736008000169],[105.84864044100016,20.990163804000076],[105.846038819,20.991575240000145],[105.84591674900003,20.992645263000099],[105.84432983400012,20.99404335100013],[105.84280395500008,20.992090225000027],[105.84117889400017,20.992042542000092],[105.84105682400019,20.98542594900016],[105.83854675300006,20.984384538000086],[105.8375167850001,20.98387145900017],[105.83654022200005,20.985774994000167],[105.83566284100004,20.985546113000169],[105.83525848400006,20.98653984200007],[105.83009338500017,20.993490220000126],[105.82938384900007,20.99302101100011],[105.8284835820001,20.99360847500003],[105.82306671100019,20.986928940000098],[105.8186874380001,20.98436164900005],[105.81896972600003,20.98247528100012],[105.81835174500014,20.980733871999973],[105.81566619900019,20.983253480000087],[105.81345367500006,20.980718614000125],[105.81082916200006,20.981237411000166],[105.80976104700005,20.982667923000065],[105.809288025,20.979751586000077],[105.809791566,20.979227066000192],[105.80745696900004,20.973869323000031],[105.81109619200015,20.97266960200011],[105.81210327200017,20.970954896000023],[105.81562042199999,20.970155716000136],[105.81612396300005,20.971288682000079],[105.81799316500013,20.971138000000053],[105.81964874300019,20.972368240000037],[105.82498931800018,20.970741272000112],[105.82405853200009,20.968568802000107],[105.81809234700017,20.963129044000141],[105.8184585570001,20.961090089000095],[105.81638336200007,20.960727692000034],[105.81637573200015,20.959928512000033],[105.8212203990002,20.957134246000123],[105.82569885200007,20.956418990000088],[105.83085632300003,20.952989579000075],[105.83180999799998,20.954118730000175],[105.83107757600015,20.954542160000017],[105.83148193300013,20.955404283000064],[105.83377075200008,20.95516204900008],[105.83399200500014,20.956630707999977],[105.83474731500013,20.95673370500009],[105.83513641400009,20.958379745000059],[105.83588409400011,20.958312989000035],[105.83596038700011,20.95889663700018],[105.83633422900016,20.957946777000075],[105.83803558400012,20.958059312000103],[105.83868408200016,20.957143783999982],[105.8426818850001,20.958185195999988],[105.84417724700018,20.951126100000181]]]},"properties":{"FID":13,"GID_2":"VNM.27.15_1","GID_0":"VNM","COUNTRY":"Vietnam","GID_1":"VNM.27_1","NAME_1":"Hà Nội","NL_NAME_1":"NA","NAME_2":"Hoàng Mai","VARNAME_2":"Hoang Mai","NL_NAME_2":"NA","TYPE_2":"Quận","ENGTYPE_2":"Urban District","CC_2":"NA","HASC_2":"VN.BU.HN"}},{"type":"Feature","id":14,"geometry":{"type":"Polygon","coordinates":[[[105.90459442100007,21.000764848000188],[105.90380096400008,21.002307893000079],[105.91010284400016,21.004938126000184],[105.91445160000006,21.002021790000128],[105.92056274400016,21.00437545800014],[105.92018127400002,21.009525299000188],[105.91993713500017,21.011936187000174],[105.92258453400012,21.01210785000012],[105.9222412100001,21.014142990000096],[105.92414855999999,21.01439857500003],[105.92288208000002,21.016839981000032],[105.92606353700012,21.01727676400003],[105.92591095000017,21.019805908000023],[105.93794250600001,21.021112442000117],[105.93700409000019,21.021528244000081],[105.93465423700019,21.022527695000065],[105.93510437000003,21.023603439000112],[105.934249878,21.023923874000047],[105.93486022899998,21.024681091000105],[105.92973327600009,21.026014329000077],[105.9291839600001,21.024833679000096],[105.92718505900018,21.025657655000089],[105.92742157000009,21.026388169000086],[105.93359375000011,21.032577514000025],[105.9331665050002,21.033187867000152],[105.93508911200018,21.035076141000047],[105.93480682400008,21.035701753000126],[105.93802642800006,21.040096284000015],[105.93566894500009,21.047866821000184],[105.93268585200013,21.056922912000118],[105.92775726399998,21.067718506000062],[105.92456079000004,21.071930017000057],[105.91855621300016,21.075887681000154],[105.91178122000008,21.077201925000168],[105.9085617070001,21.077705384000183],[105.90273284900007,21.078601838000111],[105.89772033600002,21.079790116000027],[105.89372253400018,21.079265594000105],[105.88654327500012,21.076816559000065],[105.88272857600003,21.074571609000145],[105.87796783500005,21.071111680000115],[105.87159729000007,21.067911147000075],[105.86479949900013,21.066524505000132],[105.86120605500014,21.068099976000155],[105.85547637899998,21.072738648000097],[105.84564209100006,21.080053329000009],[105.84167480500008,21.081155778000038],[105.84356689400005,21.071929933000092],[105.84765625000017,21.058074951000151],[105.84924316500013,21.054376603000037],[105.85635376000005,21.042430878000118],[105.85832214300007,21.040288925000084],[105.86185455300017,21.033544542000072],[105.86462402300015,21.030263901000183],[105.86633300800008,21.024585724000076],[105.86779785200014,21.019887924000045],[105.86999511700009,21.011039735000111],[105.87498474100011,21.005308151000122],[105.88307189900013,21.002700806000178],[105.894081116,20.999013901000183],[105.90068821600011,20.994285659000127],[105.90459442100007,21.000764848000188]]]},"properties":{"FID":14,"GID_2":"VNM.27.16_1","GID_0":"VNM","COUNTRY":"Vietnam","GID_1":"VNM.27_1","NAME_1":"Hà Nội","NL_NAME_1":"NA","NAME_2":"Long Biên","VARNAME_2":"Long Bien","NL_NAME_2":"NA","TYPE_2":"Quận","ENGTYPE_2":"Urban District","CC_2":"NA","HASC_2":"VN.TQ.HY"}},{"type":"Feature","id":15,"geometry":{"type":"Polygon","coordinates":[[[105.72211456300016,21.132705688000101],[105.72458648600013,21.13172722000013],[105.72772979800015,21.127573013000017],[105.73017120300011,21.126268387000096],[105.73065185500008,21.124927521000188],[105.73215484600018,21.122053147000031],[105.73336029000006,21.121976853000092],[105.73594665600001,21.121900558999982],[105.73548889200015,21.123960496000166],[105.73697662400014,21.125717163000161],[105.73857879600001,21.125122071000078],[105.73878479100011,21.125585557000079],[105.73908233700001,21.127277374000187],[105.73840332100013,21.128360748000091],[105.74107360800002,21.128814697999985],[105.7421417230002,21.132801056000176],[105.74342346100002,21.131795883000052],[105.74420166000004,21.134342193000009],[105.74600982700014,21.133853912000063],[105.74786376900011,21.138082505000057],[105.74984741200018,21.13710021900016],[105.74968719500015,21.134696962000191],[105.7514495850001,21.133831024000131],[105.75094604600014,21.132385254000042],[105.7532730100001,21.131568910000169],[105.75360870300005,21.133762360000105],[105.75282287600015,21.134910584000068],[105.75896453900003,21.13499069300002],[105.76195526200013,21.135801316000084],[105.76309967000009,21.135255813000128],[105.76621246400009,21.135721207000074],[105.7689361570001,21.13799095100012],[105.76992035000012,21.140420915000107],[105.77365875300006,21.143430711000065],[105.77272033600013,21.145666123000126],[105.77115631100014,21.147577285000182],[105.77207183800016,21.149032593000129],[105.77010345400015,21.1694965370001],[105.77134704700012,21.169776916000103],[105.77106475900001,21.17550277700002],[105.77191925100004,21.178216933999977],[105.77389526400003,21.177873611999985],[105.77407837000004,21.178503037000155],[105.77522277900016,21.178226471000187],[105.77546692000004,21.179002763000085],[105.78012085000017,21.177494050000064],[105.78016662500011,21.178600312000071],[105.78369140600017,21.177427292000004],[105.78371429400011,21.178251267000064],[105.78463745200014,21.178049088000137],[105.78498840400005,21.179512024000019],[105.78792572100014,21.178932190000182],[105.78809356699998,21.180156706999981],[105.79045105000012,21.180063248000181],[105.79090118300013,21.18176078700003],[105.78975677500011,21.182065964000117],[105.79196929900002,21.185987473000182],[105.78941345100014,21.188083649000021],[105.7904586800002,21.190622330000053],[105.78982544000002,21.190958023000178],[105.78890228200004,21.195499421000079],[105.78761291400008,21.197000504000187],[105.78507232700014,21.198347092000063],[105.7783660880001,21.199905395000144],[105.77503967300009,21.202613832000111],[105.77548980600017,21.203035354000178],[105.77131652800017,21.208730698000181],[105.77037048400007,21.206689835000134],[105.76964569000012,21.209587098000156],[105.76992035000012,21.212734223000041],[105.7688980100001,21.214174271000161],[105.76340484700006,21.213062286000081],[105.76052856500007,21.214744568000185],[105.7591934200002,21.21703148000006],[105.75900268600003,21.221097946000043],[105.75811767500011,21.222946167000146],[105.75545501700009,21.221797943000183],[105.75378417900004,21.222003938000057],[105.75216674800004,21.226232529000072],[105.750091553,21.227991104000182],[105.74223327500016,21.231533052000145],[105.73805999700016,21.231662750000055],[105.73506927500017,21.232944488000044],[105.73178100600012,21.231216432000053],[105.73140716500001,21.231584549000047],[105.72425079300012,21.225324631000092],[105.71970367400007,21.230022431000123],[105.71849060000005,21.228822708000109],[105.71965026900017,21.227685929000074],[105.71970367400007,21.224805832000072],[105.71874237000009,21.22348404000013],[105.71765136800008,21.222881317000088],[105.71556854300013,21.224687576000065],[105.71360778900009,21.222450256000059],[105.71236419600012,21.222484588000043],[105.70917510900011,21.219829559000175],[105.70329284600007,21.221330644000147],[105.70189666800019,21.218612671000074],[105.70071411200007,21.220577241000058],[105.698638915,21.219949722000081],[105.69845581100014,21.218921661000024],[105.69741821300011,21.218591689999982],[105.69822692800011,21.213308335000079],[105.695785521,21.216033936000088],[105.69347381600016,21.221492767000143],[105.69029235900007,21.219839095999987],[105.68842315600006,21.221952438000073],[105.68609619200009,21.226287841000044],[105.68730163600014,21.230455399000107],[105.68395996200007,21.229701996000188],[105.68264770500014,21.230188369000189],[105.68272399900002,21.231380462000175],[105.68348693799999,21.231849672000067],[105.68869781400002,21.232530594000082],[105.68866729799998,21.234249114000022],[105.68532562299998,21.235448838000138],[105.68137359600013,21.234653473000151],[105.67927551300016,21.229185104000067],[105.67655944800003,21.226926804000072],[105.67137146000016,21.230405807000068],[105.67542266900006,21.234245301000158],[105.67491149800014,21.236200333000056],[105.6736602790001,21.236614228000121],[105.67164611800013,21.233177186000148],[105.66876983600019,21.233180999000183],[105.6686096200001,21.235961914000143],[105.66696929900013,21.239572526000131],[105.66601562600005,21.239233018000107],[105.66348266500017,21.235956192000003],[105.66168975800002,21.235002517000055],[105.65678405800003,21.234720231000153],[105.65313720800009,21.237861633000023],[105.65194702200006,21.238119126000129],[105.64743042000009,21.236494064000112],[105.64431762700019,21.233732225000153],[105.64536285400004,21.227104187000066],[105.64938354400005,21.22700500500008],[105.65166473400012,21.22577858000011],[105.65449523900008,21.227607728000123],[105.65901184100005,21.223226548000127],[105.65906524600013,21.222143174000053],[105.65821838300013,21.220390320000149],[105.65618896600017,21.219022751000068],[105.64514160100015,21.215566636000176],[105.64233398400012,21.215717316000053],[105.64007568300002,21.217498779000096],[105.63691711500019,21.217962266000143],[105.63581085100014,21.217319488000101],[105.63574218800005,21.215818405000107],[105.63676452600009,21.213975907000076],[105.63946533200004,21.211816788000078],[105.63963318000009,21.207746505000159],[105.63872528000013,21.20726204000016],[105.63275146500013,21.208635331000153],[105.63081359900019,21.209125519000054],[105.62908172600015,21.210725784000033],[105.62561798100018,21.209600449000106],[105.62117767300015,21.205894470000146],[105.61830139099999,21.206930161000116],[105.6168746960002,21.208681106000142],[105.61518859900019,21.207595825000112],[105.61505889900013,21.205904006000026],[105.61643981800006,21.205749511000135],[105.61664581300016,21.202507019000109],[105.61869811900016,21.20195579600005],[105.61932373100001,21.200763703000064],[105.62005615300006,21.201480866000168],[105.622802734,21.199913025000058],[105.62168121400015,21.194812774000184],[105.62411499000007,21.193836213000111],[105.62468719500009,21.192241668000065],[105.62485504200004,21.188158035000185],[105.62603759800015,21.186618804999966],[105.62976837200011,21.184068680000109],[105.62806701600005,21.180749892000165],[105.62564086900011,21.181648254000038],[105.62440490700016,21.180723191000141],[105.62458038200003,21.179706573000033],[105.62673187300015,21.177820205000103],[105.62584686400004,21.175533295000093],[105.62683771000013,21.174788810000052],[105.62755900000008,21.17424700000015],[105.63144700000009,21.171326000000022],[105.63830801500012,21.163483157000144],[105.64250183200011,21.158689499000161],[105.64271891700008,21.158402530000103],[105.64300100000003,21.158030000000053],[105.64472995400013,21.155744713000047],[105.65282440300007,21.152160645000151],[105.65593712700002,21.151223924000192],[105.65843012000016,21.149702102000049],[105.6611480310001,21.148042795000151],[105.6723937980002,21.14761924700008],[105.685134887,21.146299363000139],[105.69641113300008,21.140781402000187],[105.70525360000011,21.138307571000041],[105.71054077200006,21.135459900000058],[105.71468353199998,21.129833221000183],[105.71926116900011,21.131658554000126],[105.72211456300016,21.132705688000101]]]},"properties":{"FID":15,"GID_2":"VNM.27.18_1","GID_0":"VNM","COUNTRY":"Vietnam","GID_1":"VNM.27_1","NAME_1":"Hà Nội","NL_NAME_1":"NA","NAME_2":"Mê Linh","VARNAME_2":"Me Linh","NL_NAME_2":"NA","TYPE_2":"Huyện","ENGTYPE_2":"District","CC_2":"NA","HASC_2":"VN.TH.HL"}},{"type":"Feature","id":16,"geometry":{"type":"Polygon","coordinates":[[[105.78377532900009,20.566303252000125],[105.79508972200006,20.567613601000062],[105.79636383100001,20.569553375000169],[105.79689025900007,20.573282242000062],[105.79975128299998,20.582033157000183],[105.80058288700008,20.584545135000155],[105.80113220300001,20.592679978000092],[105.80580902200001,20.600259781000091],[105.80735778700017,20.606636047000109],[105.80574798600014,20.609172821000016],[105.80596160900012,20.610794067000086],[105.80685424799998,20.612129212000127],[105.81163024900019,20.615430832000129],[105.81291961700009,20.617614747000061],[105.81293487600004,20.618700028000035],[105.81099701000011,20.618917465000038],[105.80661773700007,20.617109298000059],[105.80479431200007,20.615629196000157],[105.80341339200004,20.61270141600005],[105.79817199700005,20.611782074000189],[105.79559326100002,20.612649919000148],[105.79150390600017,20.61572647100013],[105.78500366200007,20.618001937000145],[105.78012085000017,20.622537612000144],[105.77739715600006,20.623790741000164],[105.77730560400011,20.624422073000176],[105.77834320000017,20.626041412000177],[105.78177642800017,20.627170562000117],[105.79496765100015,20.62791824400017],[105.80049133300014,20.631464004999998],[105.80260467400012,20.633506776000047],[105.80357360900007,20.637525559000096],[105.80225372300009,20.641510009000058],[105.80066680900006,20.642837524000072],[105.79404449500015,20.645494461000055],[105.79035949800016,20.64848709100005],[105.78341674800004,20.658521653000037],[105.78032684300007,20.661378860000127],[105.77720642100013,20.663782120000178],[105.77025604300007,20.670307161000153],[105.76313781700014,20.675014496000131],[105.75646972700019,20.679433823000124],[105.74600982700014,20.687219621000054],[105.74316406200018,20.690280914000141],[105.74263000400003,20.692264557000044],[105.74293518100012,20.694257735999997],[105.745758056,20.696472169000174],[105.75510406600006,20.697858812000106],[105.75876617500012,20.699722289000192],[105.76086425800008,20.701852799000051],[105.7627410890002,20.705934525000089],[105.76304626500007,20.711215973000094],[105.76228332500017,20.716869355000142],[105.76293945300012,20.71892356900014],[105.76598358100006,20.721599579000042],[105.77088165300017,20.722826004000126],[105.7711334220001,20.724418641000057],[105.76969146700009,20.726207733000081],[105.76142120400016,20.731618880999974],[105.75947570800014,20.731271745000072],[105.75536346500013,20.728677751000191],[105.75227356000016,20.728273392000006],[105.75062561100015,20.728206634000173],[105.74393463200016,20.727529527000058],[105.74092864900001,20.726207733000081],[105.73495483400001,20.721940995000182],[105.73143768400018,20.722211838000135],[105.73072814900019,20.722808838000162],[105.7309799200001,20.724344253000083],[105.73285675100004,20.726371765000181],[105.73359680100003,20.730215073000181],[105.73197937000003,20.735986711000066],[105.72978210400015,20.737630845000069],[105.72035980300006,20.740192413000045],[105.70853424100005,20.742303849000166],[105.70021820100015,20.742374420000033],[105.69812774600013,20.741607667000096],[105.6970672610002,20.742755891000058],[105.69673919600012,20.74660873400012],[105.69766235400016,20.750959397000088],[105.69885254000002,20.75165176500019],[105.70558166500018,20.751815795000084],[105.70880889900002,20.753023147000135],[105.71452331500018,20.756954193000126],[105.71897888300003,20.762054443000068],[105.72261810300006,20.765899658000023],[105.72504425000017,20.769226074000073],[105.72633361800007,20.772741318000158],[105.72608184800004,20.776487351000185],[105.724723815,20.778467179000074],[105.71722412100019,20.782934189000173],[105.71448516800012,20.787490845000093],[105.71075439500009,20.791765212000143],[105.7075042730001,20.795827865000092],[105.70542907800007,20.79851341300008],[105.70534515400004,20.799915314000032],[105.70925903300014,20.809726716000171],[105.70988464400011,20.813825608000059],[105.70775604200003,20.817770004000067],[105.7067947390002,20.82463073700012],[105.70743560700009,20.825487137000096],[105.71051788400013,20.82660675000011],[105.70968628000008,20.830022812000152],[105.70717620800002,20.829801560000135],[105.70711517200016,20.828907013000105],[105.69702911400015,20.828418732000102],[105.69724273700012,20.826475144000028],[105.69653320400016,20.824922561000108],[105.69933319000017,20.819105148000062],[105.69739532400007,20.815807344000063],[105.69523620600012,20.815874100000087],[105.69509124800004,20.814352036000059],[105.69373321500001,20.812503814000081],[105.68629455600012,20.812810898000123],[105.68613433900015,20.814073563000022],[105.68180847100012,20.814142228000151],[105.68205261300011,20.812858581000057],[105.68116760300006,20.812765121000155],[105.68102264400005,20.814020157000073],[105.6780624380001,20.814695359000154],[105.67384338300013,20.814685821000069],[105.67176055800019,20.813770294000108],[105.66972351000004,20.816184999000143],[105.66936492800005,20.814336777000165],[105.66780090300006,20.815715790000127],[105.66855621299999,20.813800812000125],[105.66745758100006,20.812702178000166],[105.66354370100004,20.815204621000191],[105.66262054500004,20.815166474000137],[105.66432189900013,20.814477921000105],[105.66394805900012,20.813175201000149],[105.65691375700004,20.814725876000125],[105.65416717600004,20.814067840000178],[105.64852142400008,20.814167022000049],[105.64967346300011,20.809486390000188],[105.65066528400001,20.79406738300014],[105.64809417700019,20.793676377000111],[105.64864349400005,20.790609360000076],[105.64833068800016,20.784179687000176],[105.64962005600006,20.776445389000116],[105.6487960820001,20.767787934000069],[105.648887634,20.765958786000112],[105.65003967300004,20.764280319000022],[105.64962005600006,20.761465072000078],[105.65165710400004,20.754667282000185],[105.65782165500019,20.741338729000063],[105.66072845400009,20.739509583000086],[105.66653442300003,20.734083177000116],[105.66336059700018,20.728652955000086],[105.66156768800005,20.7234268200001],[105.66484069900008,20.717285157000106],[105.67730712800011,20.702569962000155],[105.67923736600011,20.70048523000014],[105.68233490100016,20.699039460000051],[105.68336486900012,20.696308137000131],[105.68390655500019,20.692201614000055],[105.6802215570001,20.683458329000075],[105.67681121700019,20.682847976000119],[105.67575836300011,20.680828094000162],[105.67457580500013,20.680164338000111],[105.67403411900011,20.681259156000124],[105.67315673800005,20.68137550400013],[105.67243957500017,20.680328369999984],[105.66959381100008,20.679559707000067],[105.67001342800006,20.677026748000003],[105.66945648200016,20.675922394000111],[105.67086792100014,20.675159455000141],[105.67189788900009,20.672380448000183],[105.67369079600002,20.670289993000154],[105.67216491699998,20.668012618000091],[105.6736984260001,20.664829254000153],[105.67487335100009,20.665002822000076],[105.67520141700004,20.663599014000113],[105.67647552400007,20.664197922000142],[105.67618560800003,20.665105820000122],[105.67713165200013,20.66513443100007],[105.67728424200016,20.66752243000019],[105.67650604300019,20.667613984000127],[105.67741394000006,20.671752931000015],[105.678726197,20.671182632000182],[105.67958068900003,20.669597625000051],[105.67944336000011,20.667699814000116],[105.67853546100002,20.667778015000124],[105.67803955000011,20.666521073000069],[105.68057251100004,20.662200928000061],[105.67862701500013,20.660251617000029],[105.68038177500006,20.655839920000119],[105.67953491200007,20.65441322300012],[105.68125152500005,20.652313233000086],[105.67887878400012,20.647058487000152],[105.67919921900005,20.645416260000047],[105.68256378199999,20.640150070000061],[105.68679809500014,20.637750625000081],[105.68345642100007,20.635187150000149],[105.68490600600018,20.632968903000176],[105.68254089300018,20.630710603000011],[105.67842865000017,20.62847709600004],[105.67748260600007,20.629810333000137],[105.67343139600007,20.62918853900004],[105.67207336500007,20.632061006000129],[105.67036438000014,20.63202476500004],[105.66875457700007,20.629024506000064],[105.66587829500014,20.629859925000176],[105.66390228200015,20.628154755000139],[105.66593933000013,20.62445068400018],[105.66725158700007,20.623521806000042],[105.66603851200017,20.621723174000067],[105.66620635999999,20.617929459000152],[105.66703033400012,20.616989135000154],[105.66894531300005,20.617622375000167],[105.67283630300011,20.616420746000131],[105.6748123160001,20.617622375000167],[105.67698669500015,20.616052628000034],[105.67781066900011,20.617307662000144],[105.67952728200015,20.616970062000121],[105.68207550100004,20.618288040999971],[105.68291473300019,20.616268158000082],[105.68487548800016,20.616708756000151],[105.68692779600013,20.616050721000136],[105.68811798200005,20.618787766000025],[105.69171905600007,20.622112275000063],[105.69671631,20.619449615000178],[105.69823455800008,20.620161056000143],[105.69909667900009,20.621915818000048],[105.70133972200011,20.621467590000066],[105.7039566040001,20.616559982000069],[105.70391845700004,20.613098145000095],[105.70455169700006,20.612453460000154],[105.70401000900017,20.610546113000169],[105.7055892950001,20.608955382999966],[105.70490264900013,20.607172012000149],[105.70570373600009,20.605381013000169],[105.70407104500009,20.602592468000125],[105.70830535800002,20.598831177000022],[105.70980835100011,20.599353791000112],[105.7217025760001,20.596069337000131],[105.72717285200008,20.604591369000048],[105.73158264100016,20.60013389500017],[105.73934936500012,20.598217010000099],[105.74397277899999,20.598258972000053],[105.74749755900018,20.592115402000104],[105.75311279300007,20.588897706000125],[105.755065919,20.58506965700002],[105.76517486500012,20.575500488000102],[105.76777649000019,20.569778443000132],[105.76897430300011,20.564474106000091],[105.7776718130001,20.564624786000138],[105.77964019799998,20.566194535000079],[105.7819137570001,20.565179825000143],[105.78377532900009,20.566303252000125]]]},"properties":{"FID":16,"GID_2":"VNM.27.17_1","GID_0":"VNM","COUNTRY":"Vietnam","GID_1":"VNM.27_1","NAME_1":"Hà Nội","NL_NAME_1":"NA","NAME_2":"Mỹ Đức","VARNAME_2":"My Duc","NL_NAME_2":"NA","TYPE_2":"Huyện","ENGTYPE_2":"District","CC_2":"NA","HASC_2":"VN.QM.HD"}},{"type":"Feature","id":17,"geometry":{"type":"Polygon","coordinates":[[[105.78798675400014,20.98612022400016],[105.784126281,20.986555100000089],[105.78688049300018,20.98558425900012],[105.79292297300009,20.985370637000017],[105.79322815,20.984401704000049],[105.79553222800007,20.986013412000034],[105.7991714480001,20.988611221000099],[105.79561614900018,20.991693496000153],[105.79674530000005,20.995182037000063],[105.79535675000011,20.995635986000025],[105.79586029100011,20.998479844000144],[105.79232025200002,20.999376298000072],[105.79310607900015,20.999862671000074],[105.79299163900009,21.001121520000027],[105.79247283900014,21.000740052000083],[105.7913818360002,21.002359390000152],[105.7926712040001,21.003217698000128],[105.78942108100006,21.00717544600019],[105.79156494200009,21.008749008000166],[105.79022216900006,21.010400772000082],[105.79126739500003,21.011138917000153],[105.78744506900017,21.015874864000011],[105.786056519,21.017580033000172],[105.78504943900003,21.01753807200015],[105.78333282400018,21.020383835000132],[105.78404998700012,21.022760391000133],[105.78408050600007,21.026060104000067],[105.78388214200015,21.02922058200005],[105.7817230230001,21.029033661000142],[105.78185272200011,21.031255722000083],[105.77974700800013,21.031574249000016],[105.77545165900011,21.031639100000177],[105.77544403100018,21.032716751000066],[105.77372741600016,21.032773970999983],[105.77391815200014,21.033657074000132],[105.77282714900019,21.034614564000151],[105.76866149900013,21.035959245000129],[105.76872253400012,21.036708832000045],[105.7679748540001,21.036972045000084],[105.76770019600008,21.039724351000075],[105.76875305300007,21.042451859000153],[105.77149963400007,21.045349122000175],[105.767578125,21.047231673000056],[105.76511383000013,21.043706893000092],[105.76229095500008,21.042819977000079],[105.76145935100004,21.041654587000096],[105.7606735220001,21.040050507000046],[105.75855255200014,21.038360595000029],[105.7577438350001,21.03889465300017],[105.75337219200014,21.037975312000071],[105.7504196160001,21.040681839000058],[105.74366760200007,21.043104172000028],[105.73706054800016,21.045392990000039],[105.73661804200015,21.046459197000104],[105.7370910640002,21.049726487000044],[105.7353210440001,21.050146102000042],[105.73574829100005,21.051097870000092],[105.7352294920002,21.05163574200003],[105.73443603499999,21.050895692000097],[105.73379516500006,21.052394868000135],[105.73259735100009,21.052881241000136],[105.73259735100009,21.05441284200009],[105.72945404100005,21.056560518000026],[105.7281112660001,21.054891587000043],[105.7265625010001,21.052961348999986],[105.7286834730001,21.050539018000052],[105.72795105100005,21.048416139000153],[105.72951507700014,21.048061372000063],[105.72977447400001,21.046907425000029],[105.73161316000011,21.046466827000188],[105.73261261000005,21.045354842999984],[105.73207855200008,21.044687271000043],[105.73355102600004,21.043180466000138],[105.73410797200012,21.040718078000168],[105.7335891730001,21.038236619000088],[105.73500061099998,21.036838531000058],[105.73847198400006,21.036506653000117],[105.73825836200018,21.035573959000033],[105.73901367200011,21.03498840400016],[105.73896789500014,21.032691957000168],[105.73819732600009,21.032629014000179],[105.73876190200008,21.031816483000171],[105.73713684100017,21.030942917000004],[105.73844146700014,21.027297974000135],[105.73756408700018,21.026058196000065],[105.73911285400015,21.02518844500014],[105.73871612500011,21.022914886000081],[105.73775482300016,21.022342682000158],[105.73770141600011,21.023216248000097],[105.7369537350001,21.023315430000139],[105.73571014400017,21.021669388000191],[105.73446655400011,21.022773742000084],[105.73394012400007,21.021469116000162],[105.72980499300019,21.018024445000151],[105.73126983600014,21.016530992000128],[105.73255157400013,21.016807556999993],[105.73397064300002,21.015428543000155],[105.73240661700015,21.011943817000088],[105.73304748500004,21.011215210000159],[105.73302459600018,21.008115768000039],[105.73582458500016,21.008260726999993],[105.73517608700013,21.005033493000155],[105.73367309600019,21.004285813000138],[105.73411560000005,21.002742768000076],[105.73464202900016,21.002773285000046],[105.7352828970001,20.996582032000163],[105.73782348600008,20.996648788000186],[105.73882293800017,20.994953156000179],[105.74015045200002,20.995439529000009],[105.7404098520002,20.994581223000068],[105.74416351300016,20.995502472000169],[105.74432373100012,20.994152069000108],[105.74608612100008,20.993255616000056],[105.75566101200013,20.989727021000078],[105.75815582400014,20.985198974000127],[105.75777435300012,20.981178283000077],[105.75923919700017,20.981763840000099],[105.75929260200007,20.980655671000022],[105.76112365800003,20.980646133000107],[105.76197815000006,20.979730605000043],[105.7641677860002,20.980096817000117],[105.76475524800014,20.982902526000032],[105.76612091000015,20.982908249000047],[105.765945434,20.984540940000045],[105.76693725500013,20.984752655000079],[105.76731872600016,20.983404160000134],[105.77159881600005,20.985925675000146],[105.77339935300012,20.985042572000168],[105.77544403100018,20.985960007000131],[105.77803802500006,20.98408699200013],[105.78058624200014,20.98832702600015],[105.78157806400009,20.988636017000033],[105.78394317700014,20.987026215000071],[105.78443145800014,20.988901138000188],[105.78610992400007,20.988918305000141],[105.78660583499999,20.988721849000001],[105.78610229600019,20.987630845000183],[105.78836822500017,20.98686409000004],[105.78798675400014,20.98612022400016]]]},"properties":{"FID":17,"GID_2":"VNM.27.19_1","GID_0":"VNM","COUNTRY":"Vietnam","GID_1":"VNM.27_1","NAME_1":"Hà Nội","NL_NAME_1":"NA","NAME_2":"Nam Từ Liêm","VARNAME_2":"Nam Tu Liem","NL_NAME_2":"NA","TYPE_2":"Quận","ENGTYPE_2":"Urban District","CC_2":"NA","HASC_2":"VN.BG.HH"}},{"type":"Feature","id":18,"geometry":{"type":"Polygon","coordinates":[[[105.94676971500002,20.668224336000037],[105.94589996400009,20.66596603500011],[105.94433593799999,20.664796830000114],[105.94330597000004,20.662689209000064],[105.94383239699999,20.657907487000045],[105.94523620500019,20.655124664000084],[105.94981384200014,20.652971268000101],[105.95800781200006,20.650789261000114],[105.9583511350001,20.651481628999989],[105.95705413900009,20.656583785000123],[105.960037231,20.660745620000114],[105.96719360400016,20.664794922000112],[105.97758483900009,20.665712358000178],[105.97898101900017,20.671710969000117],[105.9784469610002,20.673723221000159],[105.98481750500008,20.68049430800005],[105.98728942800005,20.681640625000114],[105.98875427200011,20.68261528000005],[105.99106597800005,20.682405473000188],[105.99269103900014,20.681409836000114],[105.99320983800015,20.682092668000166],[105.9944839480001,20.68104171900012],[105.99230194100011,20.678709030000107],[105.99468994200004,20.677331925000146],[105.99751281700014,20.678415298000175],[105.99604797400013,20.681568146000075],[105.99411773600013,20.683315278000066],[105.99492645400011,20.685621261000165],[105.99213409500004,20.685743332000015],[105.99070739800004,20.689260484000101],[105.99786376900005,20.692335128000082],[105.99806213300008,20.693515778000119],[105.99576568600008,20.69750023000006],[106.00279998800016,20.701545715000066],[106.00334930400015,20.703809738000075],[106.00048065200008,20.703901289999976],[105.99175262500012,20.703941345000032],[105.98943328900009,20.703561784000158],[105.98828888000014,20.702596664000055],[105.98480224700006,20.700426102000051],[105.9792327880001,20.698862076000125],[105.9744110100001,20.69948005800012],[105.97149658100011,20.70185470600012],[105.96643066400009,20.709978105000175],[105.96202850399999,20.723430633000191],[105.96239471400014,20.7271652230001],[105.9657287600001,20.730005265000045],[105.96583557100013,20.73184585700011],[105.9701461800002,20.734579087000157],[105.96859741200012,20.742713929000161],[105.96768951500007,20.750457764000089],[105.96794128400001,20.759206772000084],[105.96948242200017,20.769458772000121],[105.9683761600001,20.772375106000027],[105.9664230350001,20.775501252000026],[105.96419525100015,20.777515412000071],[105.95748901400009,20.780078887000172],[105.95377349799998,20.780818939000142],[105.93741607599998,20.78330612100001],[105.92846679700017,20.786228180000137],[105.92475128300003,20.789148331999968],[105.92315673800005,20.790927888000169],[105.91728973300013,20.787107469000148],[105.91636657700013,20.788631440000188],[105.91326904200008,20.786760330000106],[105.91308593700012,20.782531739000092],[105.91255950900012,20.782224655000107],[105.91326904200008,20.780225754000185],[105.91182708700006,20.774496078000027],[105.91359710800009,20.772411347999991],[105.91307067800005,20.771570206000035],[105.91601562600016,20.767129898000178],[105.91935730000006,20.763870240000131],[105.91238403300014,20.760747909000145],[105.91151428300014,20.75983238300006],[105.9120788570001,20.758453368999994],[105.91133117700008,20.758739472000173],[105.91051483100006,20.757450104000043],[105.90931701700003,20.757888795000042],[105.9062500010001,20.756452560000128],[105.9049606330002,20.752880097000002],[105.90363311800007,20.753559112000175],[105.90298461800006,20.752307893000136],[105.899063109,20.754785537000146],[105.8980484010001,20.753889085000026],[105.89635467500011,20.755006790000039],[105.89527893200017,20.754501343000072],[105.89427185000017,20.75529289300016],[105.89005279500003,20.751901627000052],[105.88735199000013,20.754022599000052],[105.88689422600009,20.756038666000165],[105.89134216300016,20.76394653400007],[105.8956298830002,20.767337800000178],[105.89486694300012,20.76882743800013],[105.89676666200018,20.772325516000024],[105.89643096899999,20.772857666000164],[105.89580535900012,20.773580552000112],[105.89310455300011,20.772365571000023],[105.89255523700012,20.773462295000172],[105.88991546600016,20.772216796000066],[105.88703918500011,20.781333923000091],[105.88494873000008,20.780612945000144],[105.88427734400011,20.782627106000064],[105.8819885260001,20.781723022000051],[105.88031768800005,20.782768250000004],[105.88189697200016,20.783605575000138],[105.87796020500014,20.786020277999967],[105.87700653100006,20.784873962000177],[105.86840057500018,20.789821626000105],[105.87166595500014,20.794387818000075],[105.86939239400004,20.795631408000133],[105.86996460000017,20.796819687000095],[105.85971832300015,20.800090790000127],[105.85814666700014,20.799543382000138],[105.85308074900001,20.801898957000105],[105.8426284800002,20.79609108000011],[105.83414459200009,20.795070648999967],[105.83415222200017,20.800558089000162],[105.83275604200014,20.800638198000115],[105.83171844600008,20.806236268000021],[105.82626342800006,20.805660248000152],[105.82375335800003,20.806470870999988],[105.81709289600019,20.804416657000047],[105.82080078199999,20.795053482000071],[105.81869506800007,20.794149399000162],[105.81386566200013,20.801959992000093],[105.80996704200015,20.798778534000121],[105.81052398800006,20.797727584000029],[105.80883026100014,20.796785355000111],[105.8096389760002,20.795278549000159],[105.80844879100005,20.792253495000125],[105.81110382000008,20.787847519000081],[105.80974578900003,20.785530090000123],[105.80666351400004,20.780220031000113],[105.80284118700001,20.779602052000087],[105.80297851600011,20.778528214000062],[105.80467987100013,20.778816223000149],[105.80555725000016,20.775720596000099],[105.80360412600004,20.775360108000086],[105.80384826700003,20.77138709999997],[105.7996826170002,20.770998002000113],[105.79831695600006,20.765867234000154],[105.79744720500014,20.76564025800019],[105.79627990800009,20.761716842000112],[105.79206848100006,20.762678146999974],[105.79242706200017,20.758710861000168],[105.79393005300011,20.759037018000072],[105.79371643000007,20.749439239000083],[105.79871368400001,20.749351502000025],[105.80348968600015,20.750720979000107],[105.80791473300008,20.745615005000047],[105.81018829400017,20.744464874000187],[105.81142425500019,20.746021271000075],[105.81349182200012,20.744762420000086],[105.81293487600004,20.743097306000152],[105.81701660200008,20.741054536000092],[105.82072448800011,20.73919868400003],[105.8222351070001,20.741701126000123],[105.82575988700006,20.738931656000091],[105.82498169000007,20.737867356000152],[105.82657623300014,20.737144470000032],[105.83432769800015,20.740179062000095],[105.83699035600017,20.740621568000165],[105.83703613300014,20.739831924000157],[105.84304809700018,20.740730286000087],[105.84427642900005,20.741781235000076],[105.84591674900003,20.741104126000096],[105.84622955300017,20.737049103000061],[105.85083007900016,20.737716675000058],[105.84994506800018,20.732858657000065],[105.8530731190001,20.732418061000033],[105.85288238500016,20.731676101999994],[105.85460662800006,20.731527329000073],[105.85503387400007,20.730670929000098],[105.85763549800004,20.725021362000064],[105.85507202100013,20.721860886000059],[105.85575866700009,20.720943451000096],[105.86043548600009,20.718938827000159],[105.8603057860002,20.715061187999993],[105.86402893000002,20.71416664100019],[105.86778259300019,20.709907532000102],[105.87050628600002,20.709300995000092],[105.87371826200007,20.710048676000042],[105.87160491999998,20.705966949000128],[105.8755111700001,20.704324722000024],[105.87761688200004,20.703273773000035],[105.87714386000016,20.702539444000138],[105.88764953700013,20.696521759000007],[105.88739776500012,20.695983887000125],[105.88924407900009,20.693105699000171],[105.88897705100004,20.691894532000049],[105.89143371600017,20.693445205000046],[105.89190673900015,20.692495346000044],[105.89193725500019,20.691982269000107],[105.8883285510002,20.690872192000029],[105.88639068500009,20.689344406000089],[105.88547516000011,20.689998626000033],[105.88433074900018,20.685743332000015],[105.88259887800012,20.685443878000115],[105.88361358499998,20.678043366000111],[105.88577270400003,20.679229736000025],[105.88638305700016,20.675724030000083],[105.89311218300003,20.678770065000094],[105.89486694300012,20.67581176900012],[105.90416717599999,20.670627593000177],[105.90537262000009,20.668350219000047],[105.90762329000017,20.668682099000137],[105.91749572800006,20.674299240000153],[105.91833496000004,20.673730851000073],[105.91973877000004,20.675874709000027],[105.93267822199999,20.680139542000177],[105.9399871820001,20.68085289000004],[105.94374084500009,20.681951524000169],[105.94568634100011,20.679773332000082],[105.94702911400009,20.67599868800005],[105.94676971500002,20.668224336000037]]]},"properties":{"FID":18,"GID_2":"VNM.27.20_1","GID_0":"VNM","COUNTRY":"Vietnam","GID_1":"VNM.27_1","NAME_1":"Hà Nội","NL_NAME_1":"NA","NAME_2":"Phú Xuyên","VARNAME_2":"Phu Xuyen","NL_NAME_2":"NA","TYPE_2":"Huyện","ENGTYPE_2":"District","CC_2":"NA","HASC_2":"VN.CB.HA"}},{"type":"Feature","id":19,"geometry":{"type":"Polygon","coordinates":[[[105.64709472700008,21.040510177999977],[105.64813232300014,21.040227890000097],[105.65080261300011,21.043985366000129],[105.6494216910001,21.045421601000044],[105.64929199200009,21.050172806000148],[105.6480331410001,21.05845260600006],[105.64613342200005,21.060586929000181],[105.64581298700011,21.062713624000025],[105.64735412700009,21.065177917000085],[105.64907074000007,21.064687729000184],[105.64957428100007,21.064954759000102],[105.65550231900011,21.060007095000174],[105.6593933110002,21.058652878000089],[105.66157531800019,21.05871391400018],[105.66313934400006,21.059555053000054],[105.66471862800017,21.062730789000113],[105.66364288300008,21.065530778000038],[105.66232070800004,21.067591636000031],[105.66059487300015,21.07028145999999],[105.65951490500015,21.071964310000169],[105.65820312500011,21.072086335000051],[105.65268707200016,21.068563463000032],[105.65087890700005,21.068197251000129],[105.64762115400003,21.069171906000065],[105.64558416900019,21.072048131000088],[105.64534412600011,21.073099090000085],[105.64488995700009,21.075088572000027],[105.64359283500005,21.082921983000062],[105.64516409200013,21.087391112000091],[105.64661300000012,21.089157000000171],[105.64671563899998,21.089282086000026],[105.64714800000013,21.089809000000116],[105.64684200000005,21.091140000000109],[105.64669804800008,21.091762562000099],[105.64584350600006,21.093740463000074],[105.64331074800009,21.096418168000014],[105.63924407900015,21.099052429000096],[105.635086059,21.10035324200004],[105.63452148499999,21.100515365000035],[105.63639831600017,21.107021332000159],[105.63825225800008,21.105672837000043],[105.6397628790001,21.109552384000153],[105.63737487900005,21.110176087000184],[105.63759613000013,21.11134147700011],[105.63683319100016,21.111814498999991],[105.63043975900018,21.113204957000107],[105.625358581,21.117246629000078],[105.62438964800003,21.118656158000078],[105.62452697700013,21.120212555000137],[105.62986755500009,21.123777390000157],[105.63057708800005,21.125116348000063],[105.63001251200006,21.127119064000055],[105.6266937260001,21.130607605000137],[105.62531054300013,21.132184948000145],[105.62340499900006,21.134356999000033],[105.62341885200004,21.134417183000039],[105.62398500000018,21.136877000000084],[105.62399934600012,21.136907164000093],[105.62661810600008,21.142413425000143],[105.62802886900016,21.145380020000175],[105.62779588500007,21.150860967000085],[105.62722800000006,21.164213000000188],[105.62703700600008,21.168712851999999],[105.62584686400004,21.175533295000093],[105.62203216500012,21.178186417000063],[105.61730957100019,21.17912483300006],[105.60894012400001,21.17654228300006],[105.6049652100001,21.174518585000158],[105.60231018100006,21.171964646000106],[105.60002899200009,21.169649125000149],[105.5901489260001,21.167037965000077],[105.57587433000009,21.164396286000112],[105.57611846900011,21.16255188000008],[105.57303619400011,21.161872865000134],[105.57128906200012,21.161542892000057],[105.57089996400009,21.160587310000039],[105.56687164300013,21.159898758000111],[105.55368805000006,21.157966614000088],[105.54630279600008,21.157049179000126],[105.538139344,21.155115128000091],[105.53363037000014,21.154212951000147],[105.52782440099998,21.154169082000124],[105.51591491700015,21.156305314000122],[105.515327453,21.152385713000115],[105.51712799200004,21.152126313000167],[105.51714325000006,21.151208877999977],[105.51561737100019,21.145387650000089],[105.5161590570001,21.141078948000086],[105.52105712900016,21.140279771000166],[105.5223388660001,21.135562897000113],[105.52381134000007,21.135311128000183],[105.52462768600009,21.13381385800011],[105.52183532700008,21.132972718000133],[105.51999664400006,21.131179810000106],[105.519958497,21.129365922000147],[105.51906585800015,21.128559112000175],[105.51697540200001,21.129991531000144],[105.51597595300001,21.129045486999985],[105.51654052700019,21.128339769000036],[105.5159530640002,21.127929687000062],[105.5138320920002,21.129920960000049],[105.51325985699998,21.127546256000016],[105.51240119900018,21.126034623999999],[105.5114361860002,21.124336325999991],[105.50934600800008,21.124954223000088],[105.50817449600015,21.124333552000166],[105.50505828900015,21.122682571000041],[105.50542449900007,21.120019914000125],[105.50321197500017,21.117204667000124],[105.50338745100009,21.116479873000003],[105.50225067200012,21.116268158000025],[105.50250244200015,21.114000322000152],[105.5016021720001,21.112808228000063],[105.50191497900011,21.109552384000153],[105.50276184100005,21.108913421000125],[105.50242614800004,21.10773277300018],[105.50301361100009,21.106615066000131],[105.50570678700018,21.106149674000164],[105.50630951000005,21.102092744000061],[105.5070800790001,21.101720809000085],[105.50553894100011,21.099332810000135],[105.50355529800004,21.099958419000131],[105.50284576500007,21.098886491000087],[105.50044250500014,21.098217009999985],[105.50215911800018,21.097003938000171],[105.50170135400015,21.095470429000045],[105.50228881900017,21.094993591000048],[105.50729370100004,21.096303940000155],[105.50773620700005,21.097766876000094],[105.51177215600012,21.095045091000031],[105.51051330500013,21.094490052000026],[105.51044464100011,21.093784332000041],[105.51441192700014,21.090322495000066],[105.51567077600009,21.090642930000001],[105.51713562000015,21.090967178000028],[105.51769256600005,21.089155198000014],[105.52155303900014,21.090168000000176],[105.52337646500001,21.089004516000159],[105.52497863700006,21.089271546000077],[105.52584838800004,21.08973312500018],[105.52724456800007,21.089302062000115],[105.52796173200011,21.091318131000037],[105.53215026800007,21.089969636000092],[105.53953552200005,21.090917588000025],[105.54091644200008,21.093648911000116],[105.54245758100018,21.094245911000144],[105.54340362600004,21.095888138000078],[105.54417419399999,21.094345093000186],[105.54605865500002,21.093643188000101],[105.54732513400012,21.095188141000108],[105.54825592100013,21.094589235000115],[105.54953765800002,21.094886779000092],[105.55002594100006,21.096834183000055],[105.55451965400016,21.09596443200013],[105.55715942300014,21.100982667000153],[105.55761718700001,21.101802826000039],[105.56338501000005,21.099925995000092],[105.57234191900011,21.100233079000134],[105.57587433000009,21.09930801400003],[105.575309753,21.097339631000182],[105.57671356200007,21.092283249000104],[105.57534790000005,21.088266373000124],[105.57630157500017,21.087444305000133],[105.57637024000007,21.085683823000124],[105.575103759,21.082120896000106],[105.58114624000001,21.077806473000123],[105.58318329000019,21.074804305000043],[105.58761596700003,21.075897217000033],[105.59319313400005,21.078361529000006],[105.59493299900004,21.074673000000075],[105.60138699900011,21.07321000100012],[105.60222185300006,21.072746673000154],[105.6038969560002,21.071817025000144],[105.60771199999999,21.070293000000049],[105.61104587700009,21.072772907000171],[105.61134401300006,21.072218739000164],[105.61204500100013,21.070915001000117],[105.61581409900009,21.068115122000165],[105.61590383000015,21.068227981000177],[105.61652379700018,21.069007844000168],[105.62439727800017,21.064884185000096],[105.62686157200011,21.06292152400016],[105.62915039100005,21.059803010000053],[105.63002014199998,21.058050155000046],[105.63260650600012,21.052429199000017],[105.63079071100009,21.051105500000006],[105.63486480699999,21.04434585600012],[105.64282226500006,21.043928145999985],[105.64305877800001,21.040838241000074],[105.64467620900018,21.043848037000032],[105.64649200400004,21.043777466000165],[105.64716339000017,21.046075821000159],[105.64778137200017,21.04609108000011],[105.6477508550002,21.043003083000087],[105.64679718100018,21.042621612000062],[105.64709472700008,21.040510177999977]]]},"properties":{"FID":19,"GID_2":"VNM.27.21_1","GID_0":"VNM","COUNTRY":"Vietnam","GID_1":"VNM.27_1","NAME_1":"Hà Nội","NL_NAME_1":"NA","NAME_2":"Phúc Thọ","VARNAME_2":"Phuc Tho","NL_NAME_2":"NA","TYPE_2":"Huyện","ENGTYPE_2":"District","CC_2":"NA","HASC_2":"VN.HO.HB"}},{"type":"Feature","id":20,"geometry":{"type":"Polygon","coordinates":[[[105.6169662480001,20.930353164000053],[105.6186065670002,20.930488587000127],[105.6202239980002,20.93291282600012],[105.61847686800002,20.934190751000074],[105.61800384600014,20.93638420100018],[105.62342834500004,20.938293458000146],[105.62218475300017,20.939815522000117],[105.62589263900014,20.941064836000123],[105.62631225600018,20.943122865000134],[105.63089752300004,20.947320939000008],[105.63049316400003,20.948362350000139],[105.63272857600009,20.949745178000171],[105.63365173200009,20.954948426000101],[105.63562774700006,20.955022812000038],[105.63498687700013,20.954034806000152],[105.63853454600013,20.95412254300004],[105.63830566500013,20.952939987000093],[105.64273071300016,20.954099656000039],[105.64495086699998,20.951929092000171],[105.64505004900002,20.951004029000103],[105.65229034300012,20.951513290000094],[105.66246795700005,20.948997498000097],[105.66276550400005,20.948930740000094],[105.67645263800011,20.95150375500009],[105.67848968600009,20.950748443999998],[105.67994689900013,20.954130173000124],[105.68310546900017,20.955314636000026],[105.68273162900016,20.957916260000161],[105.68653106700009,20.95864868200016],[105.68615722700008,20.961236954000071],[105.69023895399999,20.962474824000026],[105.69226074100004,20.961606979000067],[105.69509124800004,20.964727402000051],[105.69579315200019,20.964443206000169],[105.6935195920002,20.957109452000168],[105.69438934300013,20.955251693000037],[105.69609832800006,20.955152511000165],[105.69703674300018,20.956270218000043],[105.69960022000009,20.95570755000017],[105.70108795200008,20.957246781000094],[105.70423126200006,20.95673561000018],[105.70463562100008,20.957775115999993],[105.70717620800002,20.956258775000038],[105.70922088600008,20.957876206000037],[105.71210479800015,20.955276489000141],[105.71414947400007,20.956066131000114],[105.71598816000011,20.955722809999997],[105.72528839100005,20.951450348000037],[105.72572326700015,20.953256607000185],[105.72486877400002,20.955394745000149],[105.71504974400011,20.963085175000174],[105.71295928900008,20.968969346000051],[105.70932769800004,20.972709656000063],[105.70774841400015,20.972818373999985],[105.70526123000002,20.973628999000027],[105.70339965800019,20.975332261000062],[105.69912719800004,20.978004456999997],[105.69532776000005,20.978481294000119],[105.69364929099999,20.97753143400007],[105.68907165400009,20.97441864100017],[105.68669128499999,20.970882416000052],[105.68700409000007,20.96965789800015],[105.68465423500004,20.969612121000182],[105.68376159799999,20.970415116000083],[105.68586730900006,20.972505569000134],[105.68668365500008,20.974834443000077],[105.68520355300001,20.975133897000035],[105.68477630600012,20.976734162000184],[105.68154907200005,20.978775025000175],[105.6767425540001,20.984540940000045],[105.67578124900007,20.986145020000095],[105.67436981300017,20.98661995000009],[105.67284393400013,20.984529495000061],[105.66767120400004,20.982116699000073],[105.6659851070001,20.982177735000164],[105.66490183000008,20.983034058000044],[105.66529353900006,20.983976802000086],[105.6657330000001,20.985035000000039],[105.66532428600004,20.985481722000088],[105.664947509,20.985893249000128],[105.66568501900014,20.986582469000098],[105.66590885900018,20.986791866000146],[105.66733551100009,20.995016099000168],[105.66706832200009,20.997254998000074],[105.6669082630001,20.99859619199998],[105.66376495300005,21.002668380000159],[105.66299438700008,21.006168360000174],[105.66397857600003,21.007072449000134],[105.66377259700016,21.007961216000183],[105.66626698100015,21.009237078000069],[105.67066192600004,21.009212494000167],[105.67174502900008,21.008585166000103],[105.67187842900006,21.008560222000028],[105.67359161400015,21.00824165400013],[105.675115135,21.008703327000035],[105.67661292200006,21.009157181000091],[105.67653083700009,21.01061444200019],[105.6763991200001,21.012952806000044],[105.67640062000004,21.01308141700008],[105.67640300000011,21.013270000000148],[105.67640699500015,21.013616549000119],[105.67694886300006,21.013557844000161],[105.67709400000007,21.013542000000086],[105.6765629030001,21.014663288000122],[105.67638403700005,21.015041215000053],[105.67650200000008,21.015730000000133],[105.67705500000005,21.018967000000089],[105.67227200000008,21.021935000000155],[105.67087300000014,21.022650000000169],[105.67029349900002,21.022946103000038],[105.6702800000001,21.02295300000003],[105.66859436000004,21.02393341100003],[105.66894531300005,21.024585724000076],[105.66727447500017,21.030511857000079],[105.66501617400013,21.03152084400017],[105.66560363700012,21.032136918000162],[105.66514587300009,21.033327104000023],[105.65453338600014,21.037521363000053],[105.65517425600007,21.039388656000085],[105.65332031200018,21.039354324000101],[105.65278625400003,21.042200089999994],[105.65093994200004,21.043132781000168],[105.65080261300011,21.043985366000129],[105.64813232300014,21.040227890000097],[105.64709472700008,21.040510177999977],[105.64679718100018,21.042621612000062],[105.6477508550002,21.043003083000087],[105.64778137200017,21.04609108000011],[105.64716339000017,21.046075821000159],[105.64649200400004,21.043777466000165],[105.64467620900018,21.043848037000032],[105.64305877800001,21.040838241000074],[105.64282226500006,21.043928145999985],[105.63486480699999,21.04434585600012],[105.63545990000011,21.041997910000191],[105.63489532500006,21.04199028000005],[105.63494873000013,21.036607743000161],[105.63237762500012,21.036943436000115],[105.63220977700007,21.035511017000147],[105.63336944600019,21.035030366000115],[105.63069152800011,21.027040482000189],[105.634162903,21.025194168000155],[105.62908935600007,21.016672134000089],[105.63306427000015,21.013240815000131],[105.63581848100006,21.015331268000182],[105.63966369600013,21.011911393000105],[105.6397094730001,21.009563446000072],[105.63687818600005,21.010919395000087],[105.63654327500012,21.011079789000007],[105.63595449799999,21.010189370000148],[105.63546012500007,21.009441257000162],[105.63432312100014,21.007825852000167],[105.6311645510001,21.009687424000049],[105.62717437800006,21.003332139000065],[105.62361144900007,21.00714492700007],[105.61722564700017,21.004644395000128],[105.61513519200014,21.00698471000004],[105.61410522400018,21.006044388000021],[105.60794830300011,21.004821778000121],[105.60791015600006,21.003429413000106],[105.60693359300018,21.003257752000025],[105.60668182300014,21.004487992000065],[105.60480499300007,21.004222870000149],[105.60523986800013,21.003032685000164],[105.6015319820001,21.002861024000083],[105.5960464480001,21.00869750999999],[105.59731292700013,21.009460449000187],[105.59552002000004,21.013217927000028],[105.59381866500007,21.012693405000164],[105.593788147,21.010913849000133],[105.59318542600016,21.010444642000152],[105.59384155200007,21.009325027000159],[105.59117889400005,21.007011414000146],[105.59069061200012,21.005012512000121],[105.59195709300002,21.005336762000127],[105.59260559100005,21.003847123000071],[105.58820343000002,21.004074096000068],[105.58743286100014,21.00313568200005],[105.58557128900014,21.00279426600008],[105.58409118700007,21.004222870000149],[105.58303833000008,21.003103256000031],[105.58065795900001,21.001150131000031],[105.58036041300011,20.996789932000127],[105.58201599000006,20.996076584000093],[105.58026886099998,20.99473381100006],[105.57945251500013,20.992189407000069],[105.58103942900016,20.991325378000056],[105.58029174900008,20.990980150000098],[105.58246612600016,20.990388870000004],[105.58193206800001,20.987239837000175],[105.58018493700013,20.985364914000172],[105.58061218200004,20.984485626000094],[105.58116912800011,20.984754563000024],[105.58097076400009,20.983032227000024],[105.57895660400004,20.982944488000101],[105.57868194600007,20.981969833000051],[105.57801056000011,20.98194885200013],[105.57690429800004,20.982780456000057],[105.57799529900018,20.985841751000123],[105.5759353630001,20.985582352000051],[105.574684144,20.982816697000089],[105.57569122400002,20.981689453999991],[105.57619476200011,20.977958680000029],[105.57343292300015,20.977581024000074],[105.57463836700003,20.976352692000034],[105.57424163799999,20.975133897000035],[105.57221221800012,20.974548340000126],[105.57078552200005,20.976305007000121],[105.56925201400014,20.975982667000096],[105.56950378400006,20.977067948000069],[105.56537628300003,20.977550508000036],[105.56677246100008,20.979124069000136],[105.56525421200013,20.979356764999977],[105.56423187200011,20.981178283000077],[105.56172943199999,20.981874466000022],[105.56182098400012,20.982578278000176],[105.55886840800008,20.982164384000043],[105.55791473300013,20.983026505000055],[105.55651855500008,20.982212066999978],[105.55442047200012,20.983434676000172],[105.55408477900011,20.986059189000173],[105.55601501400008,20.987606049000078],[105.5561370850001,20.990819931999965],[105.55417633100006,20.990335465000157],[105.55165100200009,20.987854003000166],[105.55156707800012,20.985652923000146],[105.54966735900001,20.987321853000026],[105.54898834200009,20.986946106000119],[105.54869079600013,20.983770372000038],[105.54239654600019,20.979993820000061],[105.54163360500002,20.978902816000186],[105.53811645500014,20.978879928000083],[105.53553008900002,20.97981834400008],[105.53507232800007,20.979480743000124],[105.53583526600016,20.978466034000121],[105.53406524600007,20.977720261000115],[105.53051757700007,20.979776382000182],[105.52684020999999,20.973655701000098],[105.52454376200006,20.973783494000088],[105.52352905200013,20.973148347000063],[105.52288818400007,20.971767426999975],[105.52417755200014,20.969495773000176],[105.51963043200016,20.973846437000077],[105.51818084600012,20.973958970000069],[105.51766967700019,20.974775314999988],[105.51177215600012,20.977355956999986],[105.51412963900003,20.978647232000185],[105.5122146610002,20.980232239000145],[105.5105056770002,20.980766296000184],[105.50790405200013,20.979871749000154],[105.5038757330002,20.979721070000039],[105.50268554800004,20.969285966000143],[105.50100707900015,20.967187882000076],[105.49344635000011,20.964021684000102],[105.49136352500017,20.961940766000055],[105.49126434300013,20.959009171000048],[105.49201965300011,20.956523895000146],[105.48699951200012,20.95183563300003],[105.48586273200004,20.947502137000072],[105.4795684820001,20.947753907000163],[105.48497009300019,20.941774369000086],[105.48546600300017,20.939380647000121],[105.48749542300004,20.938467026000126],[105.49047851600005,20.934101105000082],[105.49469757100019,20.932939530000169],[105.49958801300016,20.930292131000044],[105.502403259,20.930978776000131],[105.50594329800009,20.926195144000076],[105.51250457800012,20.922298431000172],[105.51658630400016,20.922042847000171],[105.52178192200017,20.921779632000153],[105.52509307800005,20.918775559000039],[105.53227233900014,20.922826766000128],[105.5384902950002,20.927648545000181],[105.54151153500004,20.92498016400009],[105.54598999000012,20.923065185000041],[105.54653930700005,20.921743393000099],[105.55290222100018,20.927139283000145],[105.55362701500007,20.92642402700011],[105.5560684190001,20.926929474000076],[105.56079864600008,20.924587250999991],[105.56234741100008,20.926092149000169],[105.56604766900017,20.927209854000012],[105.57129669300014,20.92712783800016],[105.57440185600012,20.929870606000065],[105.58051300000005,20.9286556240001],[105.581283568,20.923614503000181],[105.58475494400017,20.922594070000059],[105.58216858000003,20.919939041000191],[105.57912445000005,20.920679093000103],[105.57962799100005,20.918922425000062],[105.58020019500015,20.919410706000065],[105.58114624000001,20.917966843000045],[105.58010101300016,20.917205810000098],[105.58052063000014,20.916316986000083],[105.57888793900014,20.915996551000092],[105.57925415100004,20.915544510000132],[105.5821151720001,20.912237167000114],[105.58131408700012,20.910417557000187],[105.58181762600015,20.909982682000191],[105.58282470799998,20.910976411000036],[105.58482360900007,20.910339356000179],[105.58740997300004,20.911323547000165],[105.58843994100016,20.913093567000089],[105.5915756230001,20.913105011000141],[105.59108734000012,20.911514283000145],[105.59259033300003,20.911193848000039],[105.59266662600004,20.912647247000109],[105.59363555900018,20.913705826000012],[105.59725952200006,20.913011551000068],[105.59771728600015,20.914606094000078],[105.59761810400011,20.918216705000134],[105.60219574000013,20.91857147200011],[105.60102081300016,20.921031952000078],[105.60204315100003,20.922691344999976],[105.60402679400011,20.922594070000059],[105.60565185500019,20.92417907700019],[105.60909271200006,20.923524856000142],[105.6148071290001,20.926055908000137],[105.61528778100006,20.928476333000106],[105.6124801630001,20.93184471100011],[105.61462402300003,20.933332443000097],[105.61583709700005,20.932596207000074],[105.6169662480001,20.930353164000053]]]},"properties":{"FID":20,"GID_2":"VNM.27.22_1","GID_0":"VNM","COUNTRY":"Vietnam","GID_1":"VNM.27_1","NAME_1":"Hà Nội","NL_NAME_1":"NA","NAME_2":"Quốc Oai","VARNAME_2":"Quoc Oai","NL_NAME_2":"NA","TYPE_2":"Huyện","ENGTYPE_2":"District","CC_2":"NA","HASC_2":"NA"}},{"type":"Feature","id":21,"geometry":{"type":"Polygon","coordinates":[[[105.90042114300013,21.182058334000033],[105.9054489130001,21.182857514000091],[105.90711975200003,21.192441940000151],[105.90541839700006,21.197414398000149],[105.90264892500005,21.201200486000062],[105.90295408500009,21.202444006999997],[105.90414428700018,21.202539443000092],[105.90788269000012,21.200855255000192],[105.9111557010001,21.201166154000077],[105.91348871200017,21.203137206000065],[105.91374966299998,21.203357716000028],[105.91128537200012,21.204818780000153],[105.90992736800018,21.207334518000096],[105.91194253200013,21.207685597000079],[105.91368114900018,21.207988497000144],[105.91481011100018,21.208185184000115],[105.91500270400019,21.208503941000117],[105.91555786200013,21.209423066000056],[105.91541290300012,21.214813233000086],[105.91448211700003,21.218162538000001],[105.91312066300014,21.219598269000073],[105.91284302700012,21.21989105300014],[105.91172027500011,21.221075059000043],[105.91116523700003,21.222590143000161],[105.91086709700005,21.223403969000174],[105.91049960200013,21.224407113000041],[105.91029900000001,21.224464000000069],[105.90997918000005,21.224554977000025],[105.9089279170002,21.22485351600011],[105.90682687100008,21.22352055000016],[105.90578744800013,21.222861057000046],[105.90498365100012,21.222351157000105],[105.90364837700014,21.223800660000052],[105.90425110000001,21.227411271000108],[105.90660858200005,21.229196550000097],[105.90522766100008,21.230636597000171],[105.906532287,21.232259751000186],[105.90891265800008,21.231042862000095],[105.91051483100006,21.23174858200008],[105.91242981000011,21.231042862000095],[105.91318511900016,21.232189178000112],[105.91535949800004,21.232246400000008],[105.9175262440001,21.231039047000081],[105.91934204200004,21.230995179000161],[105.9203796380001,21.232002259000183],[105.92041778500015,21.234178543000098],[105.92117309500014,21.23488998400012],[105.92764282300004,21.239299774000074],[105.92788696200006,21.240232467000112],[105.92596435500008,21.243627549000166],[105.92630004800003,21.244722367000122],[105.93500518800016,21.245410919999983],[105.93650054900019,21.244760514000177],[105.93743896500018,21.243192673000067],[105.93857574500009,21.245107651000069],[105.9386291510001,21.246667861000162],[105.933746337,21.253562927000132],[105.92884826700009,21.261730194000052],[105.92301177900003,21.269437790000097],[105.9220657350001,21.278240203000166],[105.92322540399999,21.287601472000176],[105.92605590900018,21.289951324000072],[105.93028259200003,21.291355133000138],[105.93121337800017,21.29305458000016],[105.93075561400008,21.294862747000082],[105.92749023400012,21.295116424000014],[105.92352295000012,21.293973923000124],[105.91806030200007,21.294219972000121],[105.91628265400004,21.294961929000124],[105.91519928000014,21.297084809000125],[105.91754913300014,21.304126739000083],[105.91741180400004,21.305070878000151],[105.91645050100016,21.305553436000139],[105.91497802700019,21.305406571000105],[105.91102600200014,21.302173615000129],[105.90891265800008,21.301612853000108],[105.90464782800018,21.302009582000153],[105.90101623600009,21.303968429000179],[105.89756011899999,21.307058334000089],[105.8968505860002,21.308843612000032],[105.89864349400005,21.314842223000142],[105.89866638300003,21.317806244000167],[105.8994598380001,21.324104310000052],[105.89794921900005,21.32714653000005],[105.89576721200007,21.327560424000012],[105.89279174800009,21.326520920000178],[105.89179992600009,21.325542450000057],[105.8895263670002,21.325265884000089],[105.88381958000008,21.327512742000181],[105.87545013500011,21.327846528000066],[105.87166595500014,21.329738616000157],[105.8707656860002,21.329523086000052],[105.86861419700006,21.326829910000185],[105.86682891900017,21.328348161000122],[105.86579895000011,21.333436967000182],[105.86332702700014,21.336296081000114],[105.86303710900012,21.337997436000137],[105.85858917300015,21.338237762000119],[105.85745239200014,21.339832307000165],[105.85562133799999,21.342765809000014],[105.85587310800003,21.345033646000161],[105.85673523000014,21.34585380599998],[105.85846710200008,21.34500694400009],[105.85890197700013,21.345718385000055],[105.85238647400007,21.349077224999974],[105.85272979800004,21.351072311000053],[105.8547058110002,21.35233879000009],[105.85366058400012,21.354278564000026],[105.85169219900007,21.355463029000077],[105.8516464220001,21.357625961000167],[105.85322570900013,21.359119416000169],[105.85279846100013,21.362375260000078],[105.85462188700018,21.367567062000148],[105.85553741500007,21.367689132000123],[105.85763549800004,21.365953446000049],[105.85915374700016,21.366609574000165],[105.85770416300011,21.371070863000057],[105.85885620000016,21.374193192000007],[105.85617828400007,21.376497270000073],[105.84942627000009,21.374303817000055],[105.84716033900008,21.377361298000153],[105.84466552800018,21.376920700000085],[105.8397064200002,21.377391814000191],[105.83603668300003,21.375205994000169],[105.83519744900008,21.373344422000116],[105.83197784300012,21.373294830000134],[105.83029174900008,21.375667573000044],[105.8297500610002,21.375238417999981],[105.82895660400015,21.376091003000113],[105.82524109000008,21.376874925000152],[105.82353210500014,21.378204344999972],[105.82141876300005,21.378025053999977],[105.82109069800003,21.379423142000007],[105.81674194400011,21.381879807000189],[105.81639862100019,21.382976533000146],[105.81380462600004,21.382810593000102],[105.81358337400007,21.381160736000083],[105.81270599300001,21.380432129000098],[105.81149292100019,21.381814957000131],[105.80874633700012,21.382472992000146],[105.80485534700006,21.383031845999994],[105.80361175600012,21.384428024000044],[105.80202484200009,21.384418488000165],[105.80124664300007,21.385208130000137],[105.80049133300014,21.384716035000167],[105.79956817700014,21.381908416000158],[105.79859161400003,21.381687165000017],[105.79659271200006,21.382703781000146],[105.79666900600012,21.380903244000081],[105.79530334500004,21.381114959000115],[105.79450225900018,21.379245759000185],[105.79238891600005,21.379507066000031],[105.79183960000006,21.378463745000147],[105.79023742700008,21.377868652000188],[105.78929901100008,21.375883103000149],[105.78796386800019,21.375734329000068],[105.7876968380001,21.374877929000093],[105.79013824500004,21.373262406000094],[105.78730774000007,21.371067047999986],[105.78646850600012,21.364143371000125],[105.78464508000002,21.359651566000139],[105.78607940700016,21.357824325000024],[105.78608703500004,21.354650498000069],[105.78303527700018,21.353832245000149],[105.78504180900006,21.34841346900015],[105.78517151000005,21.342853546000072],[105.78318023700007,21.34291267399999],[105.78020477200016,21.339323043000093],[105.77616882300009,21.337080003000153],[105.77622222800017,21.335594178000065],[105.77246856700003,21.328639985000109],[105.77197265600012,21.325511933000087],[105.7676239020002,21.318321229000048],[105.76514434900008,21.316675187000101],[105.76234436000016,21.313409805999981],[105.75704193199999,21.30050277600003],[105.755485534,21.299911499000018],[105.75429534800014,21.29790878200015],[105.75285339300012,21.297271730000034],[105.75334930399998,21.294883728000173],[105.74945831400009,21.295946121000043],[105.74769592400014,21.294258118000073],[105.74563598700013,21.29454612699999],[105.74606323200004,21.294216157000051],[105.74510955800019,21.291881562000071],[105.74320983900014,21.292871476000073],[105.74288177500017,21.290222167000024],[105.74180603000008,21.290931703000069],[105.74094391000011,21.290555955000116],[105.74096679600007,21.289798737000126],[105.74266815300007,21.289030076000074],[105.74199676400002,21.28724670500003],[105.73973083500005,21.287799836000033],[105.73954772899998,21.286619186000053],[105.73868560900007,21.287082672000054],[105.73918914800009,21.287839890000157],[105.73816681000005,21.288053512999966],[105.7363586420002,21.286718368000095],[105.73698425200007,21.285684587000105],[105.73519134500015,21.284255982000104],[105.73609161500019,21.27953147900007],[105.73348236000004,21.279396057000042],[105.73262786800007,21.275005341000053],[105.72914123400005,21.275903701000118],[105.72901916600006,21.274068833000172],[105.7279205320001,21.272882462000155],[105.72565460100014,21.273292541000103],[105.72518157900009,21.272359848000065],[105.72593688900002,21.271144868000079],[105.7287521360002,21.270076753000126],[105.72924041700014,21.269050598000035],[105.72538757300003,21.266399383000135],[105.72278594900007,21.266119003000028],[105.72330474800015,21.262001037000175],[105.72393036,21.261867523000149],[105.7247695920002,21.25810050900003],[105.72435760500008,21.254280090000009],[105.7234497070001,21.250709533000077],[105.72922515800008,21.248939515000188],[105.72867584200009,21.24628830100005],[105.7265625010001,21.243135453000093],[105.72509002700014,21.242294311000137],[105.72856903000013,21.240711212000178],[105.73229217500005,21.241861343000039],[105.73432922500007,21.241727830000116],[105.73622894400012,21.24010658300017],[105.73767852700007,21.236482621000164],[105.73681640600006,21.235340118000011],[105.73516082900011,21.235212327000056],[105.7300415040001,21.238304139000036],[105.73313903900015,21.233715057000154],[105.73506927500017,21.232944488000044],[105.73805999700016,21.231662750000055],[105.74223327500016,21.231533052000145],[105.750091553,21.227991104000182],[105.75216674800004,21.226232529000072],[105.75378417900004,21.222003938000057],[105.75545501700009,21.221797943000183],[105.75811767500011,21.222946167000146],[105.75900268600003,21.221097946000043],[105.7591934200002,21.21703148000006],[105.76052856500007,21.214744568000185],[105.76340484700006,21.213062286000081],[105.7688980100001,21.214174271000161],[105.76992035000012,21.212734223000041],[105.76964569000012,21.209587098000156],[105.77037048400007,21.206689835000134],[105.77131652800017,21.208730698000181],[105.77548980600017,21.203035354000178],[105.77503967300009,21.202613832000111],[105.7783660880001,21.199905395000144],[105.78507232700014,21.198347092000063],[105.78761291400008,21.197000504000187],[105.78890228200004,21.195499421000079],[105.78982544000002,21.190958023000178],[105.7904586800002,21.190622330000053],[105.79483032200005,21.192556381000088],[105.79745483300007,21.191221238000026],[105.7999114980002,21.187589645000003],[105.80221557600004,21.187599183000088],[105.80450439500015,21.188945771000135],[105.80821228000008,21.190822602000082],[105.8121261600001,21.190923691000023],[105.81430816700009,21.189384462000135],[105.81535339400011,21.187360764000175],[105.8151702880001,21.186573027999998],[105.81305694600019,21.185976029000074],[105.81282806299998,21.184995651000179],[105.81625366100008,21.184196471000121],[105.81878662000014,21.184597015000065],[105.82293701200018,21.187068939000085],[105.82856750600013,21.188438415000064],[105.83094024700006,21.188171387000182],[105.83501434300018,21.186252595000042],[105.83840179400005,21.189363481000044],[105.84049224900008,21.190467835000163],[105.84525299000012,21.188844681000148],[105.849311828,21.190008164000005],[105.85912323000019,21.195095062000121],[105.86308288600009,21.199964523000062],[105.86681366000005,21.200696945000061],[105.86701965300011,21.198181152000188],[105.86892700200013,21.197488784000086],[105.87229919500015,21.19876670900004],[105.87275695900018,21.200614930000143],[105.8715286260001,21.203125001000046],[105.87155914300001,21.206493378000118],[105.87258911100014,21.20611381599997],[105.87501526000005,21.201992035000103],[105.879936257,21.203251008000109],[105.88213995700011,21.203463069000122],[105.88332366900016,21.203577042000063],[105.884785126,21.204415814000185],[105.88724517800017,21.205827713000019],[105.88945931900014,21.204723044000048],[105.89076202900009,21.204073104000088],[105.89188385000011,21.203273773000092],[105.89191436700008,21.202373505000025],[105.88993835400009,21.200546265000014],[105.88607788100012,21.198713303999966],[105.88227081200017,21.189579011000149],[105.87982177700013,21.188341141000024],[105.87718963700013,21.189123154000185],[105.87628936700008,21.188697815000069],[105.87679290800008,21.186843873000157],[105.87971496500018,21.18705368000019],[105.88665008500004,21.190114976000189],[105.8893127450001,21.185415268000156],[105.89246368500005,21.184192658000086],[105.89692687900003,21.184326172000112],[105.89842987000014,21.18303108200007],[105.89856720100005,21.18179130600015],[105.89601135300012,21.177793504000135],[105.89642334000018,21.176977158000113],[105.9014129640002,21.178092958000036],[105.90042114300013,21.182058334000033]]]},"properties":{"FID":21,"GID_2":"VNM.27.23_1","GID_0":"VNM","COUNTRY":"Vietnam","GID_1":"VNM.27_1","NAME_1":"Hà Nội","NL_NAME_1":"NA","NAME_2":"Sóc Sơn","VARNAME_2":"Soc Son","NL_NAME_2":"NA","TYPE_2":"Huyện","ENGTYPE_2":"District","CC_2":"NA","HASC_2":"VN.NB.HL"}},{"type":"Feature","id":22,"geometry":{"type":"Polygon","coordinates":[[[105.46487426800002,21.024475097000106],[105.46884740000013,21.021930449000024],[105.46931466500018,21.02163121600006],[105.46973903200001,21.021508613000151],[105.47161899800011,21.020965994000107],[105.4880218510001,21.040513993000047],[105.50639343200004,21.024826051000161],[105.50940704300007,21.025466918000177],[105.50927734400011,21.027900695000028],[105.51162719700011,21.027238846000046],[105.51291656500001,21.030330659000185],[105.51488494900019,21.03176498400012],[105.51499939000013,21.032657623000148],[105.51725769100005,21.032981873000153],[105.51715850800008,21.035755158000029],[105.52011871400003,21.035791397000082],[105.5226364130001,21.037240982000014],[105.52349853499999,21.039306642000042],[105.52577972500012,21.040672303000179],[105.52676391600011,21.043231963000039],[105.52845001200018,21.043239594000056],[105.529541016,21.044706345000179],[105.52831268300008,21.045955658000082],[105.52951049700005,21.046916961000136],[105.5292510980002,21.04810142600013],[105.53063964800015,21.048526763999973],[105.53012085100011,21.049304963000168],[105.53345489500009,21.04993629500018],[105.53365325900018,21.050695420000181],[105.53459930300011,21.050365448000093],[105.53501129200004,21.051206589000117],[105.53485870300011,21.052209854000068],[105.53356933500015,21.051532745000088],[105.53164672800017,21.052145004000067],[105.53517151000011,21.053903581000156],[105.53442382800006,21.054811478000033],[105.53585052400018,21.055332185000054],[105.53395843500005,21.055583954000042],[105.53405761800013,21.060939788000155],[105.53143310500013,21.061426163000135],[105.52928161600005,21.064012527000102],[105.53043365500008,21.06515312300013],[105.53025054900019,21.06724357600018],[105.53125762900004,21.069286347000173],[105.5356521600001,21.071393968000052],[105.53579711900011,21.072710037000149],[105.53759765600012,21.072582246000138],[105.53761291500007,21.073612214000093],[105.53529357800011,21.074052810000126],[105.53497314500015,21.074785232000124],[105.53202819800009,21.074176788000102],[105.53105163700002,21.075391770000067],[105.53295135600013,21.076036453000029],[105.53233337400013,21.077053071000137],[105.5323104860002,21.080690384000093],[105.53095245499998,21.080623628000069],[105.529411315,21.082263947000172],[105.52446746800018,21.083412171000134],[105.52368927000009,21.084321976000183],[105.52410888700007,21.086568832000069],[105.52326965200018,21.087818145000142],[105.52514648500011,21.088445664000119],[105.52497863700006,21.089271546000077],[105.52337646500001,21.089004516000159],[105.52155303900014,21.090168000000176],[105.51769256600005,21.089155198000014],[105.51713562000015,21.090967178000028],[105.51567077600009,21.090642930000001],[105.51441192700014,21.090322495000066],[105.51044464100011,21.093784332000041],[105.51051330500013,21.094490052000026],[105.51177215600012,21.095045091000031],[105.50773620700005,21.097766876000094],[105.50729370100004,21.096303940000155],[105.50228881900017,21.094993591000048],[105.50170135400015,21.095470429000045],[105.50215911800018,21.097003938000171],[105.50044250500014,21.098217009999985],[105.50284576500007,21.098886491000087],[105.50355529800004,21.099958419000131],[105.50553894100011,21.099332810000135],[105.5070800790001,21.101720809000085],[105.50630951000005,21.102092744000061],[105.50570678700018,21.106149674000164],[105.50301361100009,21.106615066000131],[105.50242614800004,21.10773277300018],[105.50276184100005,21.108913421000125],[105.50191497900011,21.109552384000153],[105.5016021720001,21.112808228000063],[105.50250244200015,21.114000322000152],[105.50225067200012,21.116268158000025],[105.50338745100009,21.116479873000003],[105.50321197500017,21.117204667000124],[105.50542449900007,21.120019914000125],[105.50505828900015,21.122682571000041],[105.50817449600015,21.124333552000166],[105.50934600800008,21.124954223000088],[105.5114361860002,21.124336325999991],[105.51240119900018,21.126034623999999],[105.51325985699998,21.127546256000016],[105.5138320920002,21.129920960000049],[105.5159530640002,21.127929687000062],[105.51654052700019,21.128339769000036],[105.51597595300001,21.129045486999985],[105.51697540200001,21.129991531000144],[105.51906585800015,21.128559112000175],[105.519958497,21.129365922000147],[105.51999664400006,21.131179810000106],[105.52183532700008,21.132972718000133],[105.52462768600009,21.13381385800011],[105.52381134000007,21.135311128000183],[105.5223388660001,21.135562897000113],[105.52105712900016,21.140279771000166],[105.5161590570001,21.141078948000086],[105.51561737100019,21.145387650000089],[105.51714325000006,21.151208877999977],[105.51712799200004,21.152126313000167],[105.515327453,21.152385713000115],[105.51591491700015,21.156305314000122],[105.50756073100007,21.157665253000118],[105.50384521500013,21.158235550000143],[105.49471282900004,21.159919739000145],[105.48622894400017,21.163007736000111],[105.47682189800003,21.170856476000097],[105.47509765700011,21.172552108000048],[105.4694747920002,21.167839049999998],[105.46893310600012,21.168657303000145],[105.467788697,21.168621064000035],[105.46752166700014,21.163690568000163],[105.46598815800019,21.162466050000091],[105.46700286800012,21.161289215000124],[105.46301269600019,21.159545899000136],[105.46255493200016,21.158542634000185],[105.46418762100012,21.157573701000047],[105.46396637100014,21.155899048000094],[105.46218872000003,21.156307222000123],[105.46150970500008,21.153915405000191],[105.46047973700013,21.15375709500006],[105.46165466299999,21.152359009000008],[105.46138000500019,21.150222779000046],[105.4593276980001,21.149724961000061],[105.45704650900012,21.145486832000131],[105.45198821999998,21.147199630000102],[105.45387286300007,21.145297968000136],[105.45141995900013,21.142709731000139],[105.4493250000001,21.143607000000031],[105.44869121400006,21.14387812300015],[105.44841802100012,21.143995132000157],[105.44889076800007,21.147002971000063],[105.44606792200005,21.146650328000135],[105.44604370500014,21.146751578000135],[105.44542130100012,21.149328421000121],[105.44364400000006,21.148836000000131],[105.43783192100011,21.147224306000169],[105.43782011300004,21.147221032000061],[105.43683048600013,21.148514429000102],[105.43482070800013,21.151141395000025],[105.43463902200017,21.151378875000091],[105.432136969,21.151063974000067],[105.43210100100004,21.151034113000037],[105.42999265300006,21.149283630000014],[105.42779500800003,21.147459007000123],[105.42767752500015,21.147452378000025],[105.42520342000017,21.147312789000125],[105.42387390200014,21.147237777000157],[105.42018127400013,21.143720627000107],[105.42055511400014,21.142171860000133],[105.42010238500006,21.142028926000023],[105.4192200010001,21.141749999000126],[105.4191955190002,21.141636308000045],[105.41910200000018,21.141202000000135],[105.41909664700017,21.141177140000082],[105.41867828400012,21.139232637000191],[105.41551965300016,21.138875936999966],[105.4153257280002,21.137725589000183],[105.41524276500019,21.137232790000041],[105.41513824500004,21.13661193900009],[105.41420593499998,21.135785783000131],[105.41359722200019,21.135246242000164],[105.414629037,21.134922088000167],[105.4155308500001,21.134638775000042],[105.41618300000005,21.134434000000056],[105.41715933400002,21.134592324000039],[105.41862491600017,21.13482998600017],[105.41860999900007,21.133631000000094],[105.41900527900009,21.13346732500014],[105.41996000000012,21.133072001000073],[105.42004011000017,21.132765913000185],[105.42033392100006,21.1316433020001],[105.4209764090001,21.131703160000086],[105.42156200000016,21.131758000000161],[105.42379800000009,21.129250000000127],[105.42502500000018,21.128729000000192],[105.42517645600009,21.128664613000126],[105.42523193100016,21.128641029000107],[105.42427598400019,21.126377798000192],[105.42427100000015,21.126365998999972],[105.42520605300012,21.122413322000057],[105.42527003399999,21.122142987000188],[105.431052851,21.119983789000059],[105.42915344200014,21.117280961000063],[105.42945574800012,21.116511119000108],[105.42962963700001,21.116068299000062],[105.42992811300002,21.115308898000023],[105.42993186100017,21.115299282000137],[105.42961883600009,21.111616135000133],[105.430534362,21.109622957000056],[105.43139648500005,21.109418870000127],[105.43041992100007,21.109102250000035],[105.43029785100009,21.106637955000167],[105.42402648900003,21.105422975000181],[105.4237976080002,21.104736328000115],[105.42655181800018,21.105541230000085],[105.42584991500013,21.103939056000058],[105.42667388900009,21.103542329000163],[105.42778015000005,21.10416221600002],[105.4302368160001,21.103881835000038],[105.43484497100008,21.101657868000132],[105.4382781970001,21.102201462000153],[105.44094093600006,21.104566763000037],[105.44028503900006,21.102184143000045],[105.44065710100011,21.10200145500005],[105.44155883800005,21.101558686000089],[105.44220840100002,21.099950785000033],[105.44264216200014,21.098877085000026],[105.44114685100016,21.097627640000098],[105.44525146400019,21.09514999400011],[105.44422149600007,21.093734742000038],[105.4408493050002,21.09193420500003],[105.44042968800005,21.089447021000126],[105.43948364300019,21.088518143000158],[105.43981170600006,21.087779998000087],[105.43894195600006,21.086908340000093],[105.43955230699999,21.084653854000067],[105.43858337400002,21.083709717000033],[105.43813324000007,21.081726075000063],[105.44018554700017,21.081708909000042],[105.43997192400019,21.079811097000061],[105.43841552800018,21.079481125000086],[105.44098663400013,21.077478408000047],[105.44101715100004,21.075550080000028],[105.44113502300002,21.074893441000143],[105.44142200000005,21.073297001000185],[105.4391940000001,21.069477000000063],[105.43954500100011,21.068343999000035],[105.44011069300001,21.067911597000148],[105.44116199800004,21.067108001000065],[105.44009403800015,21.065710051000053],[105.44229126000005,21.06477546800005],[105.4451141350001,21.062244416000112],[105.44552140700006,21.062564751000025],[105.44610600000004,21.063025000000039],[105.44898199900007,21.063000000000102],[105.45444500100012,21.067183000000171],[105.45434888700004,21.066743941000141],[105.45369720500008,21.063766480000083],[105.45443712900004,21.063339308000081],[105.45500002300008,21.064690463000034],[105.45553600000011,21.065977000000032],[105.45706900100004,21.066755048000061],[105.45706900100004,21.068478000000027],[105.45939073500011,21.070271233000142],[105.459594864,21.07042889500002],[105.459640132,21.068476415000134],[105.45968599899999,21.066492000000153],[105.45875500100004,21.06384300000019],[105.45783035400001,21.063077534999991],[105.45690206500007,21.062309055000185],[105.45780349900002,21.061939533000157],[105.45793899900008,21.061883994000084],[105.45695506700019,21.059915947000093],[105.45820599900014,21.058924000000161],[105.45914460200004,21.059188889000154],[105.45998330399999,21.063180921000026],[105.46051000000006,21.065688999000088],[105.46117394200013,21.066215953000153],[105.46057903899998,21.0680468810001],[105.46293600000007,21.07087300000012],[105.46524805800004,21.072507892000033],[105.46575900000005,21.071705000000179],[105.46502689900012,21.071008875000075],[105.46475249200006,21.07074794100015],[105.46433300100011,21.070349000000078],[105.46449286299998,21.068410954000115],[105.46287536700009,21.068334580000055],[105.46246856800013,21.066636645000131],[105.46234900100006,21.066137000000083],[105.46180130500005,21.065449170000022],[105.46089935200013,21.064315796000074],[105.4617309410001,21.062469258000021],[105.46106000000009,21.061062000000106],[105.46127988500007,21.059064001000081],[105.4613950000001,21.058018000000175],[105.45993600399999,21.056578684999977],[105.45850400000018,21.055165999000167],[105.45788496900019,21.052612087000057],[105.45719146800013,21.0497493740001],[105.4590301520002,21.047655105999979],[105.45884712500003,21.046155292000094],[105.45813802499998,21.040340205000064],[105.45727141600014,21.032274903000086],[105.45722202600012,21.031814969000038],[105.45816891700008,21.030692399000088],[105.45839691200018,21.030422211000086],[105.46301280400019,21.02774612200011],[105.46370181800017,21.026535293000052],[105.46487426800002,21.024475097000106]]]},"properties":{"FID":22,"GID_2":"VNM.27.24_1","GID_0":"VNM","COUNTRY":"Vietnam","GID_1":"VNM.27_1","NAME_1":"Hà Nội","NL_NAME_1":"NA","NAME_2":"Sơn Tây","VARNAME_2":"Son Tay","NL_NAME_2":"NA","TYPE_2":"Thị xã","ENGTYPE_2":"Town","CC_2":"NA","HASC_2":"VN.TN.HT"}},{"type":"Feature","id":23,"geometry":{"type":"Polygon","coordinates":[[[105.84167480500008,21.081155778000038],[105.83590698200004,21.085361480000188],[105.83204650900012,21.090677262000042],[105.82877349800009,21.093784332000041],[105.82395935000005,21.096208573000183],[105.81617736800007,21.098762513000111],[105.8092346200001,21.10242271400017],[105.8055801390002,21.103017807000128],[105.79846954300018,21.100635528000112],[105.79523468100001,21.098295211000163],[105.79178619500016,21.09119415300006],[105.79172515900007,21.090168000000176],[105.79307556200018,21.090148927000087],[105.79385375900017,21.080844879000153],[105.79457092299998,21.079301834000091],[105.79584503199999,21.080247880000059],[105.79944610600006,21.079643250000117],[105.79940032900009,21.078660966000029],[105.80113983100011,21.078449249000187],[105.79998779400012,21.073848725000005],[105.80227661100002,21.072967529000096],[105.8037567130001,21.072376251000037],[105.80335235700005,21.070022584000071],[105.80477142300003,21.068929672000081],[105.80387115600007,21.06759262200012],[105.80499267600015,21.06587982200017],[105.79663085900012,21.058027267000114],[105.79992675900013,21.05533409100002],[105.79489135800014,21.050701141000047],[105.79490661600016,21.050317765000102],[105.79824829000006,21.047668456000054],[105.79994201700015,21.049526216000118],[105.80184936600011,21.049522400000114],[105.80317688100013,21.051471710000101],[105.80545806800012,21.053007126000182],[105.80623626700009,21.054220200000145],[105.80551147500017,21.055200576999994],[105.80596160900012,21.05565452500008],[105.80654907200017,21.05607414300016],[105.80821990999999,21.055536270000175],[105.80818176300016,21.058704376000094],[105.80886840800019,21.058895112000073],[105.8091278070001,21.05240249600007],[105.80609893800005,21.047641755000029],[105.81093597400002,21.046159745000182],[105.81350708000014,21.043802262000042],[105.81460571400009,21.043008805000056],[105.82099151600016,21.041912079000099],[105.82829284800016,21.03955841100003],[105.83100891000015,21.04170799200017],[105.83628845200019,21.041654587000096],[105.83628082200011,21.044038773000182],[105.83685302700007,21.047029496000107],[105.84001159700011,21.05063057000018],[105.84211730999999,21.04850959800018],[105.84453582700019,21.04949760400001],[105.84924316500013,21.054376603000037],[105.84765625000017,21.058074951000151],[105.84356689400005,21.071929933000092],[105.84167480500008,21.081155778000038]]]},"properties":{"FID":23,"GID_2":"VNM.27.25_1","GID_0":"VNM","COUNTRY":"Vietnam","GID_1":"VNM.27_1","NAME_1":"Hà Nội","NL_NAME_1":"NA","NAME_2":"Tây Hồ","VARNAME_2":"Tay Ho","NL_NAME_2":"NA","TYPE_2":"Quận","ENGTYPE_2":"Urban District","CC_2":"NA","HASC_2":"VN.DA.HV"}},{"type":"Feature","id":24,"geometry":{"type":"Polygon","coordinates":[[[105.49136352500017,20.961940766000055],[105.49344635000011,20.964021684000102],[105.50100707900015,20.967187882000076],[105.50268554800004,20.969285966000143],[105.5038757330002,20.979721070000039],[105.50790405200013,20.979871749000154],[105.5105056770002,20.980766296000184],[105.5122146610002,20.980232239000145],[105.51412963900003,20.978647232000185],[105.51177215600012,20.977355956999986],[105.51766967700019,20.974775314999988],[105.51818084600012,20.973958970000069],[105.51963043200016,20.973846437000077],[105.52417755200014,20.969495773000176],[105.52288818400007,20.971767426999975],[105.52352905200013,20.973148347000063],[105.52454376200006,20.973783494000088],[105.52684020999999,20.973655701000098],[105.53051757700007,20.979776382000182],[105.53406524600007,20.977720261000115],[105.53583526600016,20.978466034000121],[105.53507232800007,20.979480743000124],[105.53553008900002,20.97981834400008],[105.53811645500014,20.978879928000083],[105.54163360500002,20.978902816000186],[105.54239654600019,20.979993820000061],[105.54869079600013,20.983770372000038],[105.54898834200009,20.986946106000119],[105.54966735900001,20.987321853000026],[105.55156707800012,20.985652923000146],[105.55165100200009,20.987854003000166],[105.55417633100006,20.990335465000157],[105.5561370850001,20.990819931999965],[105.55601501400008,20.987606049000078],[105.55408477900011,20.986059189000173],[105.55442047200012,20.983434676000172],[105.55651855500008,20.982212066999978],[105.55791473300013,20.983026505000055],[105.55886840800008,20.982164384000043],[105.56182098400012,20.982578278000176],[105.56172943199999,20.981874466000022],[105.56423187200011,20.981178283000077],[105.56525421200013,20.979356764999977],[105.56677246100008,20.979124069000136],[105.56537628300003,20.977550508000036],[105.56950378400006,20.977067948000069],[105.56925201400014,20.975982667000096],[105.57078552200005,20.976305007000121],[105.57221221800012,20.974548340000126],[105.57424163799999,20.975133897000035],[105.57463836700003,20.976352692000034],[105.57343292300015,20.977581024000074],[105.57619476200011,20.977958680000029],[105.57569122400002,20.981689453999991],[105.574684144,20.982816697000089],[105.5759353630001,20.985582352000051],[105.57799529900018,20.985841751000123],[105.57690429800004,20.982780456000057],[105.57801056000011,20.98194885200013],[105.57868194600007,20.981969833000051],[105.57895660400004,20.982944488000101],[105.58097076400009,20.983032227000024],[105.58116912800011,20.984754563000024],[105.58061218200004,20.984485626000094],[105.58018493700013,20.985364914000172],[105.58193206800001,20.987239837000175],[105.58246612600016,20.990388870000004],[105.58029174900008,20.990980150000098],[105.58103942900016,20.991325378000056],[105.57945251500013,20.992189407000069],[105.58026886099998,20.99473381100006],[105.58201599000006,20.996076584000093],[105.58036041300011,20.996789932000127],[105.58065795900001,21.001150131000031],[105.58303833000008,21.003103256000031],[105.58409118700007,21.004222870000149],[105.58557128900014,21.00279426600008],[105.58743286100014,21.00313568200005],[105.58820343000002,21.004074096000068],[105.59260559100005,21.003847123000071],[105.59195709300002,21.005336762000127],[105.59069061200012,21.005012512000121],[105.59117889400005,21.007011414000146],[105.59384155200007,21.009325027000159],[105.59318542600016,21.010444642000152],[105.593788147,21.010913849000133],[105.59381866500007,21.012693405000164],[105.59552002000004,21.013217927000028],[105.59731292700013,21.009460449000187],[105.5960464480001,21.00869750999999],[105.6015319820001,21.002861024000083],[105.60523986800013,21.003032685000164],[105.60480499300007,21.004222870000149],[105.60668182300014,21.004487992000065],[105.60693359300018,21.003257752000025],[105.60791015600006,21.003429413000106],[105.60794830300011,21.004821778000121],[105.61410522400018,21.006044388000021],[105.61513519200014,21.00698471000004],[105.61722564700017,21.004644395000128],[105.62361144900007,21.00714492700007],[105.62717437800006,21.003332139000065],[105.6311645510001,21.009687424000049],[105.63432312100014,21.007825852000167],[105.63546012500007,21.009441257000162],[105.63595449799999,21.010189370000148],[105.63654327500012,21.011079789000007],[105.63687818600005,21.010919395000087],[105.6397094730001,21.009563446000072],[105.63966369600013,21.011911393000105],[105.63581848100006,21.015331268000182],[105.63306427000015,21.013240815000131],[105.62908935600007,21.016672134000089],[105.634162903,21.025194168000155],[105.63069152800011,21.027040482000189],[105.63336944600019,21.035030366000115],[105.63220977700007,21.035511017000147],[105.63237762500012,21.036943436000115],[105.63494873000013,21.036607743000161],[105.63489532500006,21.04199028000005],[105.63545990000011,21.041997910000191],[105.63486480699999,21.04434585600012],[105.63079071100009,21.051105500000006],[105.63260650600012,21.052429199000017],[105.63002014199998,21.058050155000046],[105.62915039100005,21.059803010000053],[105.62686157200011,21.06292152400016],[105.62439727800017,21.064884185000096],[105.61652379700018,21.069007844000168],[105.61590383000015,21.068227981000177],[105.61581409900009,21.068115122000165],[105.61204500100013,21.070915001000117],[105.61134401300006,21.072218739000164],[105.61104587700009,21.072772907000171],[105.60771199999999,21.070293000000049],[105.6038969560002,21.071817025000144],[105.60222185300006,21.072746673000154],[105.60138699900011,21.07321000100012],[105.59493299900004,21.074673000000075],[105.59319313400005,21.078361529000006],[105.58761596700003,21.075897217000033],[105.58318329000019,21.074804305000043],[105.58114624000001,21.077806473000123],[105.575103759,21.082120896000106],[105.57637024000007,21.085683823000124],[105.57630157500017,21.087444305000133],[105.57534790000005,21.088266373000124],[105.57671356200007,21.092283249000104],[105.575309753,21.097339631000182],[105.57587433000009,21.09930801400003],[105.57234191900011,21.100233079000134],[105.56338501000005,21.099925995000092],[105.55761718700001,21.101802826000039],[105.55715942300014,21.100982667000153],[105.55451965400016,21.09596443200013],[105.55002594100006,21.096834183000055],[105.54953765800002,21.094886779000092],[105.54825592100013,21.094589235000115],[105.54732513400012,21.095188141000108],[105.54605865500002,21.093643188000101],[105.54417419399999,21.094345093000186],[105.54340362600004,21.095888138000078],[105.54245758100018,21.094245911000144],[105.54091644200008,21.093648911000116],[105.53953552200005,21.090917588000025],[105.53215026800007,21.089969636000092],[105.52796173200011,21.091318131000037],[105.52724456800007,21.089302062000115],[105.52584838800004,21.08973312500018],[105.52497863700006,21.089271546000077],[105.52514648500011,21.088445664000119],[105.52326965200018,21.087818145000142],[105.52410888700007,21.086568832000069],[105.52368927000009,21.084321976000183],[105.52446746800018,21.083412171000134],[105.529411315,21.082263947000172],[105.53095245499998,21.080623628000069],[105.5323104860002,21.080690384000093],[105.53233337400013,21.077053071000137],[105.53295135600013,21.076036453000029],[105.53105163700002,21.075391770000067],[105.53202819800009,21.074176788000102],[105.53497314500015,21.074785232000124],[105.53529357800011,21.074052810000126],[105.53761291500007,21.073612214000093],[105.53759765600012,21.072582246000138],[105.53579711900011,21.072710037000149],[105.5356521600001,21.071393968000052],[105.53125762900004,21.069286347000173],[105.53025054900019,21.06724357600018],[105.53043365500008,21.06515312300013],[105.52928161600005,21.064012527000102],[105.53143310500013,21.061426163000135],[105.53405761800013,21.060939788000155],[105.53395843500005,21.055583954000042],[105.53585052400018,21.055332185000054],[105.53442382800006,21.054811478000033],[105.53517151000011,21.053903581000156],[105.53164672800017,21.052145004000067],[105.53356933500015,21.051532745000088],[105.53485870300011,21.052209854000068],[105.53501129200004,21.051206589000117],[105.53459930300011,21.050365448000093],[105.53365325900018,21.050695420000181],[105.53345489500009,21.04993629500018],[105.53012085100011,21.049304963000168],[105.53063964800015,21.048526763999973],[105.5292510980002,21.04810142600013],[105.52951049700005,21.046916961000136],[105.52831268300008,21.045955658000082],[105.529541016,21.044706345000179],[105.52845001200018,21.043239594000056],[105.52676391600011,21.043231963000039],[105.52577972500012,21.040672303000179],[105.52349853499999,21.039306642000042],[105.5226364130001,21.037240982000014],[105.52011871400003,21.035791397000082],[105.51715850800008,21.035755158000029],[105.51725769100005,21.032981873000153],[105.51499939000013,21.032657623000148],[105.51488494900019,21.03176498400012],[105.51291656500001,21.030330659000185],[105.51162719700011,21.027238846000046],[105.50927734400011,21.027900695000028],[105.50940704300007,21.025466918000177],[105.50639343200004,21.024826051000161],[105.4880218510001,21.040513993000047],[105.47161899800011,21.020965994000107],[105.47005499900013,21.016335001000186],[105.46793400000007,21.013103001000104],[105.46828500100008,21.01092100000011],[105.46740219200012,21.009529442000087],[105.467079162,21.009019852000051],[105.46017456100009,21.012990951000063],[105.45985922800003,21.013039883000033],[105.45928999900008,21.013127999000062],[105.4570240000001,21.011588999000082],[105.45634290800007,21.011558640000146],[105.45480304400019,21.01149000200013],[105.45466962500007,21.011537486000179],[105.45282000000009,21.012195999000028],[105.45053100000007,21.014171999999974],[105.44895779800009,21.01462615500003],[105.44773899900002,21.014978001000145],[105.44564800000012,21.014978001000145],[105.44390100000004,21.013948001000188],[105.4431030560001,21.014102863000062],[105.44231414900008,21.014255523000088],[105.44100835300003,21.01540350900018],[105.440704224,21.015670802000045],[105.4390470040002,21.016026054000122],[105.43385300000017,21.01713899900011],[105.43131300100004,21.014732001000084],[105.43037399900015,21.015085000000056],[105.42356100100011,21.013544000000081],[105.42273931200003,21.013278687000081],[105.41676300000012,21.01134899900012],[105.41647392400017,21.011568855000178],[105.41301700000014,21.014198000000192],[105.41127000000017,21.018150000000162],[105.40825700000011,21.017468999000016],[105.40374957100011,21.014587782000092],[105.40255000000008,21.013820999000188],[105.39893171600016,21.014604648000102],[105.39756800100002,21.014900000000182],[105.3960918570001,21.014504063000004],[105.3936310000002,21.013844000000063],[105.39290839700016,21.014156054000125],[105.39210505200003,21.014502979000099],[105.39214325000017,21.006027222000057],[105.39374542300015,21.003423691000023],[105.39691162100007,21.000915528000064],[105.4032287600001,20.998065949000079],[105.40859222400013,20.998582841000029],[105.41778564400016,20.997785569000143],[105.42233276300004,20.983657837000067],[105.43241119500016,20.979080200000112],[105.43624877900004,20.974765778000176],[105.4398422230002,20.968544006000172],[105.44287872300009,20.963283539000031],[105.44412994400011,20.958393098000158],[105.44380188100007,20.955963134000172],[105.45139312700007,20.953971862999992],[105.46171569799998,20.946487426999965],[105.46714019699999,20.945075989000088],[105.4693374630001,20.947050094000076],[105.4795684820001,20.947753907000163],[105.48586273200004,20.947502137000072],[105.48699951200012,20.95183563300003],[105.49201965300011,20.956523895000146],[105.49126434300013,20.959009171000048],[105.49136352500017,20.961940766000055]]]},"properties":{"FID":24,"GID_2":"VNM.27.26_1","GID_0":"VNM","COUNTRY":"Vietnam","GID_1":"VNM.27_1","NAME_1":"Hà Nội","NL_NAME_1":"NA","NAME_2":"Thạch Thất","VARNAME_2":"Thach That","NL_NAME_2":"NA","TYPE_2":"Huyện","ENGTYPE_2":"District","CC_2":"NA","HASC_2":"VN.BD.HA"}},{"type":"Feature","id":25,"geometry":{"type":"Polygon","coordinates":[[[105.80666351400004,20.780220031000113],[105.80974578900003,20.785530090000123],[105.81110382000008,20.787847519000081],[105.80844879100005,20.792253495000125],[105.8096389760002,20.795278549000159],[105.80883026100014,20.796785355000111],[105.81052398800006,20.797727584000029],[105.80996704200015,20.798778534000121],[105.81386566200013,20.801959992000093],[105.81869506800007,20.794149399000162],[105.82080078199999,20.795053482000071],[105.81709289600019,20.804416657000047],[105.82375335800003,20.806470870999988],[105.82626342800006,20.805660248000152],[105.83171844600008,20.806236268000021],[105.83275604200014,20.800638198000115],[105.83415222200017,20.800558089000162],[105.83684539900014,20.800409317000117],[105.83689117400013,20.804937362000032],[105.8387603760001,20.805084229000045],[105.83973693900015,20.809906006999995],[105.83931732200017,20.811510087000045],[105.83861541700009,20.811519623000095],[105.83917236300016,20.814208984000174],[105.84127044600012,20.81392097500003],[105.84146118200005,20.814922332000037],[105.83675384500003,20.81751441900019],[105.83647155800003,20.821729661000063],[105.83764648400012,20.823947908000036],[105.83029174900008,20.825365067000121],[105.827278138,20.827690125000117],[105.82915496800007,20.827413560000082],[105.82778167700002,20.830259323000064],[105.82810974200009,20.83181953400009],[105.82711792000009,20.834386827000174],[105.82408142100013,20.837245941000106],[105.82183075000012,20.841121675000181],[105.82357788200011,20.841560363000042],[105.82139587500012,20.853925705000165],[105.82224273700001,20.856559753000113],[105.81986236500006,20.857141496000054],[105.81943511999998,20.858522415000152],[105.8207855230001,20.859102250000092],[105.82060241700003,20.860361099000045],[105.82440185600007,20.861478806000093],[105.82428741500013,20.862314225000034],[105.82245636000005,20.866125107000016],[105.82405853200009,20.869829177999975],[105.81893157900015,20.870592118000047],[105.81559753300019,20.870302200000083],[105.81533050500008,20.871725082000182],[105.81675720200013,20.874059678000094],[105.81540679900019,20.87808799700008],[105.81594085700016,20.879207612000073],[105.81407165600012,20.879787445000147],[105.81566619900019,20.886026382000068],[105.81407928400006,20.887483597000141],[105.81269836500007,20.893121719000135],[105.81282806299998,20.895259857000156],[105.81495666500007,20.895450593000135],[105.81267547600009,20.896835328000179],[105.81266784600012,20.898128509000173],[105.81620788600014,20.899486541999977],[105.81568908700012,20.902654648000123],[105.80638885400003,20.909923554000102],[105.80454254200004,20.909605027000111],[105.80293273900014,20.912576676000015],[105.79803466800018,20.913112641000055],[105.79672241100002,20.911979675000111],[105.79524993900003,20.912847519000138],[105.79473877000015,20.914901735000115],[105.79294586200012,20.915498733000163],[105.7913818360002,20.915172577000135],[105.79034423700006,20.917137147000176],[105.78939819300012,20.919713975000036],[105.79170227100013,20.921531678000065],[105.79077911300016,20.92446136500007],[105.7916412350001,20.927204131000167],[105.79763031100003,20.930814743000155],[105.79915619000008,20.934291841000061],[105.80162811300005,20.93417549100019],[105.80164337200011,20.93570709200003],[105.79964447000015,20.935623168000177],[105.79826355099999,20.936996460000103],[105.79927063000008,20.938535690000094],[105.79891204900019,20.938955307000072],[105.79830169700011,20.938377380000134],[105.79635620100009,20.93931961100003],[105.79277038600014,20.938451768000107],[105.78986358700007,20.939599992000069],[105.78923034700006,20.938882828000033],[105.78573608400006,20.939224244000059],[105.78628540000005,20.937082291000024],[105.78591919000013,20.934574127000133],[105.78392028900004,20.931077958000174],[105.78136444100011,20.931083680000086],[105.77580261300017,20.929233551000038],[105.77647400000006,20.927377702000058],[105.76873779200014,20.924558640000043],[105.76712036100014,20.922861100000091],[105.76456451400014,20.924793243000181],[105.7647933950002,20.925346374000014],[105.76013183600003,20.928379059000065],[105.76215362599999,20.929883957000015],[105.75757598900003,20.932836533000113],[105.75777435300012,20.930614471000069],[105.75522613400005,20.929845810000188],[105.75457000800009,20.930883408000057],[105.75372314400005,20.929786682000099],[105.75189971800017,20.930698395000093],[105.75151825,20.929777147000095],[105.75033569300012,20.930238724000162],[105.74889373700006,20.926261902000135],[105.7499313360002,20.926139831000057],[105.75006103500016,20.925441741000043],[105.7506637580002,20.925945282000043],[105.75128173900009,20.923336030000144],[105.7502288820001,20.923175812000011],[105.75055694500014,20.920799256000009],[105.74849700900006,20.920528411000078],[105.74943542500012,20.916629791000105],[105.74192047100001,20.91536903400015],[105.74191284300008,20.912958146000165],[105.74081420900018,20.912605284999984],[105.736930847,20.91347885100015],[105.73467254600013,20.910800935000111],[105.73044586300006,20.907197952000161],[105.72512054400011,20.898305891999996],[105.72676849300012,20.897073747000093],[105.72686004700006,20.893257141000163],[105.73060607800011,20.893888473000175],[105.73586273199999,20.89226913400006],[105.73912048400007,20.886396409000042],[105.73897552500006,20.879720689000123],[105.73764038000019,20.87524414100011],[105.734375,20.873008729000105],[105.72962188700012,20.875953675000062],[105.72855377200011,20.87535095200019],[105.72866821200017,20.872041702000104],[105.73355102600004,20.865247726000177],[105.74167633100006,20.859258652000051],[105.75119018500015,20.85572242700016],[105.75498199499998,20.852886201000103],[105.75643158000014,20.850664140000049],[105.75553131100014,20.848014831000114],[105.75022125200019,20.846654892000117],[105.73963165300017,20.84621810900012],[105.73641204800015,20.845062257000052],[105.73393249600019,20.842712402000075],[105.73379516500006,20.840620041000022],[105.7392120360002,20.836824416000127],[105.75530243000014,20.83696937600007],[105.7608032230001,20.83709716900006],[105.76116180500009,20.834653854000123],[105.75440979100011,20.826595307000105],[105.75270843600009,20.820793152000135],[105.75269317600009,20.820394516000192],[105.75531768800016,20.813718796000103],[105.74950408900008,20.81030845600003],[105.74662780800003,20.806999206000114],[105.74389648300007,20.805164338000168],[105.74152374200014,20.805620194000028],[105.73876953100006,20.807420731000093],[105.73500061099998,20.809110642000178],[105.73934173499998,20.797000884999989],[105.73845672600004,20.793262482000046],[105.74163818500011,20.792018891000112],[105.74150085400004,20.791395186999978],[105.74543762300004,20.788887025000122],[105.74847412000003,20.791898727999978],[105.74900817800017,20.791446685000153],[105.75130462600009,20.792634965000104],[105.75311279300007,20.790376664000178],[105.75457763600002,20.791425706000098],[105.75739288300019,20.787384034000183],[105.75876617500012,20.789045335000083],[105.7596969610002,20.790254594000032],[105.7637329100001,20.787984848000178],[105.76325225800014,20.787025452000023],[105.76448059000018,20.786428452000166],[105.76383972200006,20.785419465000075],[105.76518249600014,20.784334184000102],[105.76440429700017,20.783430099000157],[105.76587677100014,20.782327652000163],[105.76690673900009,20.782962800000121],[105.76865387100003,20.788154603000123],[105.77585601800007,20.788000108000176],[105.77626037700003,20.790458679000153],[105.77690887500006,20.790567399000054],[105.77846527100002,20.790370942000095],[105.78021240200007,20.788831712000103],[105.78149414000012,20.789291381000169],[105.78248596200007,20.791362763000166],[105.78464508000002,20.791761399000109],[105.78585815400004,20.789060593000102],[105.7885284420002,20.789300919000084],[105.79107665900005,20.786235810000051],[105.79515075700004,20.783708572000023],[105.80666351400004,20.780220031000113]]]},"properties":{"FID":25,"GID_2":"VNM.27.27_1","GID_0":"VNM","COUNTRY":"Vietnam","GID_1":"VNM.27_1","NAME_1":"Hà Nội","NL_NAME_1":"NA","NAME_2":"Thanh Oai","VARNAME_2":"Thanh Oai","NL_NAME_2":"NA","TYPE_2":"Huyện","ENGTYPE_2":"District","CC_2":"NA","HASC_2":"VN.HI.HC"}},{"type":"Feature","id":26,"geometry":{"type":"Polygon","coordinates":[[[105.85347747800006,20.902093886999978],[105.85620117100012,20.903863907000073],[105.85902404799998,20.907192231000124],[105.86482238700006,20.905008316000192],[105.86774444600013,20.909111023000094],[105.86987304600007,20.908132553000144],[105.86985015800013,20.907594680000102],[105.87366485600006,20.906192779000037],[105.87562561100003,20.906192779000037],[105.87641906800008,20.910259247000056],[105.87721252500006,20.9101524350001],[105.87841796900017,20.91159629800012],[105.88068389800014,20.911802292000118],[105.88021087600009,20.909830094000142],[105.88330841100014,20.909137727000143],[105.88812255900001,20.908229827000184],[105.88817596400008,20.906183244000033],[105.8893890380001,20.905952453000054],[105.89067077600009,20.907960892000062],[105.89194488600003,20.907779694000169],[105.89272308400007,20.909425736000117],[105.89973449800004,20.905117036000092],[105.91316986000004,20.914768219000109],[105.91629791200006,20.919176102000051],[105.91624450699999,20.921167373000003],[105.91252899200015,20.924924850000139],[105.90911865300018,20.926528932000167],[105.898208619,20.928958893000072],[105.89262390200008,20.929313659999991],[105.88368988100007,20.929216385000075],[105.88050079400011,20.93116760200013],[105.8802337640002,20.933403014000135],[105.8832092290001,20.940900803000147],[105.88639831600011,20.945203782000078],[105.87921142599998,20.951190948000033],[105.87320709300013,20.955123902000025],[105.86991119300012,20.95040130600006],[105.86662292400007,20.951780320000125],[105.86628723100011,20.950874328000111],[105.86371612500017,20.95132827700013],[105.86003875800009,20.953683854000076],[105.85849762100003,20.957313537000118],[105.85632324200014,20.956180572000051],[105.84641265900007,20.951711655000054],[105.84417724700018,20.951126100000181],[105.8426818850001,20.958185195999988],[105.83868408200016,20.957143783999982],[105.83803558400012,20.958059312000103],[105.83633422900016,20.957946777000075],[105.83596038700011,20.95889663700018],[105.83588409400011,20.958312989000035],[105.83513641400009,20.958379745000059],[105.83474731500013,20.95673370500009],[105.83399200500014,20.956630707999977],[105.83377075200008,20.95516204900008],[105.83148193300013,20.955404283000064],[105.83107757600015,20.954542160000017],[105.83180999799998,20.954118730000175],[105.83085632300003,20.952989579000075],[105.82569885200007,20.956418990000088],[105.8212203990002,20.957134246000123],[105.81637573200015,20.959928512000033],[105.81638336200007,20.960727692000034],[105.8184585570001,20.961090089000095],[105.81809234700017,20.963129044000141],[105.82405853200009,20.968568802000107],[105.82498931800018,20.970741272000112],[105.81964874300019,20.972368240000037],[105.81799316500013,20.971138000000053],[105.81612396300005,20.971288682000079],[105.81562042199999,20.970155716000136],[105.81210327200017,20.970954896000023],[105.81109619200015,20.97266960200011],[105.80745696900004,20.973869323000031],[105.809791566,20.979227066000192],[105.809288025,20.979751586000077],[105.80976104700005,20.982667923000065],[105.81002044700006,20.984313965000183],[105.80307006800007,20.986534118999998],[105.80177307000002,20.98567390400018],[105.80106353700006,20.98653984200007],[105.80021667500012,20.985988618000079],[105.80149841300016,20.984645843000123],[105.80110168400006,20.983255388000089],[105.79876708900008,20.984205247000091],[105.79785156200012,20.983558655000024],[105.79710388200004,20.984743118000097],[105.79666900600012,20.984323503000098],[105.7967300410001,20.98336982800015],[105.79518127400013,20.982204438000167],[105.79545593200015,20.981233598000131],[105.79482269200014,20.980829239000172],[105.79718017500005,20.97805976900014],[105.79860687200005,20.978342057000077],[105.79920959500009,20.975313185999994],[105.79634857100018,20.97477722300016],[105.79655456600011,20.973903657000164],[105.79370117200006,20.973798752000107],[105.79369354200014,20.971202850999987],[105.79063415600012,20.968961716000138],[105.79306030200019,20.967575073000035],[105.7918853770002,20.965730667000003],[105.79281616300011,20.964277268000103],[105.79690551700008,20.96298408500013],[105.80430603100007,20.959032058000105],[105.80213928200016,20.956974029000094],[105.80015563900008,20.958263397000167],[105.79747772200011,20.957090379000135],[105.79748535200019,20.955703736000032],[105.79488372800006,20.954942704000132],[105.79392242500018,20.951406478000138],[105.79474639900013,20.950389863000112],[105.79183197000015,20.942464829000016],[105.78849029500014,20.942119598000147],[105.7882003790001,20.94099998500019],[105.78977966300005,20.941072464000058],[105.78986358700007,20.939599992000069],[105.79277038600014,20.938451768000107],[105.79635620100009,20.93931961100003],[105.79830169700011,20.938377380000134],[105.79891204900019,20.938955307000072],[105.79927063000008,20.938535690000094],[105.79826355099999,20.936996460000103],[105.79964447000015,20.935623168000177],[105.80164337200011,20.93570709200003],[105.80162811300005,20.93417549100019],[105.79915619000008,20.934291841000061],[105.79763031100003,20.930814743000155],[105.7916412350001,20.927204131000167],[105.79077911300016,20.92446136500007],[105.79170227100013,20.921531678000065],[105.78939819300012,20.919713975000036],[105.79034423700006,20.917137147000176],[105.7913818360002,20.915172577000135],[105.79294586200012,20.915498733000163],[105.79473877000015,20.914901735000115],[105.79524993900003,20.912847519000138],[105.79672241100002,20.911979675000111],[105.79803466800018,20.913112641000055],[105.80293273900014,20.912576676000015],[105.80454254200004,20.909605027000111],[105.80638885400003,20.909923554000102],[105.81568908700012,20.902654648000123],[105.82532501200006,20.90331840500005],[105.82574462900004,20.900594712000043],[105.82694244400011,20.900585174000128],[105.82695007300015,20.898944855000025],[105.82771301300005,20.898553848999995],[105.8271942140002,20.897630692999996],[105.8279266360002,20.897274019000179],[105.83039093100007,20.898097992000032],[105.8284835820001,20.89980507000007],[105.82911682100018,20.900884628000028],[105.83103179900019,20.9001960760001],[105.83130645699998,20.901077269999973],[105.83291626000005,20.901575088000129],[105.83264160200008,20.902832032000049],[105.83363342300015,20.905565262000096],[105.83303070000011,20.907007217000114],[105.83342742900015,20.909185410000134],[105.83947753900014,20.909523010000157],[105.84105682400019,20.908500672000116],[105.83961486800007,20.902816773000097],[105.85112762500006,20.899103165000156],[105.85391235300011,20.896984100000054],[105.85465240500002,20.898052215000064],[105.85347747800006,20.902093886999978]]]},"properties":{"FID":26,"GID_2":"VNM.27.28_1","GID_0":"VNM","COUNTRY":"Vietnam","GID_1":"VNM.27_1","NAME_1":"Hà Nội","NL_NAME_1":"NA","NAME_2":"Thanh Trì","VARNAME_2":"Thanh Tri","NL_NAME_2":"NA","TYPE_2":"Huyện","ENGTYPE_2":"District","CC_2":"NA","HASC_2":"VN.BD.HN"}},{"type":"Feature","id":27,"geometry":{"type":"Polygon","coordinates":[[[105.81002044700006,20.984313965000183],[105.80976104700005,20.982667923000065],[105.81082916200006,20.981237411000166],[105.81345367500006,20.980718614000125],[105.81566619900019,20.983253480000087],[105.81835174500014,20.980733871999973],[105.81896972600003,20.98247528100012],[105.8186874380001,20.98436164900005],[105.82306671100019,20.986928940000098],[105.8284835820001,20.99360847500003],[105.82938384900007,20.99302101100011],[105.83009338500017,20.993490220000126],[105.83525848400006,20.98653984200007],[105.83566284100004,20.985546113000169],[105.83654022200005,20.985774994000167],[105.8375167850001,20.98387145900017],[105.83854675300006,20.984384538000086],[105.84105682400019,20.98542594900016],[105.84117889400017,20.992042542000092],[105.84281158400006,20.99544715900015],[105.84270477300004,20.997272492000093],[105.83603668300003,20.998939515000075],[105.82575988700006,21.001527787000157],[105.82437133700012,21.001325607000126],[105.82408142100013,21.001960754000038],[105.82020568900009,21.003108978000171],[105.81813049400006,21.001585007000131],[105.81706237900005,21.004110337000157],[105.81596374500009,21.006290437000075],[105.81404876800019,21.008462906000148],[105.81349182200012,21.008819581000068],[105.81208801300005,21.00720214800009],[105.81054687400018,21.006969452000192],[105.80863189700005,21.008066177999979],[105.80725097700002,21.007097245000011],[105.8046569830002,21.008544923000102],[105.79882049500009,21.004068375000088],[105.79299163900009,21.001121520000027],[105.79310607900015,20.999862671000074],[105.79232025200002,20.999376298000072],[105.79586029100011,20.998479844000144],[105.79535675000011,20.995635986000025],[105.79674530000005,20.995182037000063],[105.79561614900018,20.991693496000153],[105.7991714480001,20.988611221000099],[105.79553222800007,20.986013412000034],[105.79666900600012,20.984323503000098],[105.79710388200004,20.984743118000097],[105.79785156200012,20.983558655000024],[105.79876708900008,20.984205247000091],[105.80110168400006,20.983255388000089],[105.80149841300016,20.984645843000123],[105.80021667500012,20.985988618000079],[105.80106353700006,20.98653984200007],[105.80177307000002,20.98567390400018],[105.80307006800007,20.986534118999998],[105.81002044700006,20.984313965000183]]]},"properties":{"FID":27,"GID_2":"VNM.27.29_1","GID_0":"VNM","COUNTRY":"Vietnam","GID_1":"VNM.27_1","NAME_1":"Hà Nội","NL_NAME_1":"NA","NAME_2":"Thanh Xuân","VARNAME_2":"Thanh Xuan","NL_NAME_2":"NA","TYPE_2":"Quận","ENGTYPE_2":"Urban District","CC_2":"NA","HASC_2":"VN.HI.HK"}},{"type":"Feature","id":28,"geometry":{"type":"Polygon","coordinates":[[[105.91051483100006,20.757450104000043],[105.91133117700008,20.758739472000173],[105.9120788570001,20.758453368999994],[105.91151428300014,20.75983238300006],[105.91238403300014,20.760747909000145],[105.91935730000006,20.763870240000131],[105.91601562600016,20.767129898000178],[105.91307067800005,20.771570206000035],[105.91359710800009,20.772411347999991],[105.91182708700006,20.774496078000027],[105.91326904200008,20.780225754000185],[105.91255950900012,20.782224655000107],[105.91308593700012,20.782531739000092],[105.91326904200008,20.786760330000106],[105.91636657700013,20.788631440000188],[105.91728973300013,20.787107469000148],[105.92315673800005,20.790927888000169],[105.9220123290001,20.79261016900017],[105.91930389499998,20.797210693000125],[105.91644287100007,20.804716111000118],[105.91158294600001,20.821315765000122],[105.91133880700016,20.826822280000158],[105.91267395000006,20.834922790000178],[105.91526031500013,20.839866639000036],[105.91899871800007,20.843484878000027],[105.93196105999999,20.850059509000175],[105.93613433900009,20.85608100900015],[105.93637085,20.864383698000097],[105.93537139800009,20.868616104000182],[105.93127441400003,20.87408065700015],[105.9248733510002,20.87822914100019],[105.91490936200012,20.883892059000118],[105.90946197400007,20.886619567000025],[105.89827728200009,20.890922546000184],[105.89561462500018,20.894086837000089],[105.89474487200005,20.897846223000101],[105.89582061700014,20.901300430000163],[105.89973449800004,20.905117036000092],[105.89272308400007,20.909425736000117],[105.89194488600003,20.907779694000169],[105.89067077600009,20.907960892000062],[105.8893890380001,20.905952453000054],[105.88817596400008,20.906183244000033],[105.88812255900001,20.908229827000184],[105.88330841100014,20.909137727000143],[105.88021087600009,20.909830094000142],[105.88068389800014,20.911802292000118],[105.87841796900017,20.91159629800012],[105.87721252500006,20.9101524350001],[105.87641906800008,20.910259247000056],[105.87562561100003,20.906192779000037],[105.87366485600006,20.906192779000037],[105.86985015800013,20.907594680000102],[105.86987304600007,20.908132553000144],[105.86774444600013,20.909111023000094],[105.86482238700006,20.905008316000192],[105.85902404799998,20.907192231000124],[105.85620117100012,20.903863907000073],[105.85347747800006,20.902093886999978],[105.85465240500002,20.898052215000064],[105.85391235300011,20.896984100000054],[105.85112762500006,20.899103165000156],[105.83961486800007,20.902816773000097],[105.84105682400019,20.908500672000116],[105.83947753900014,20.909523010000157],[105.83342742900015,20.909185410000134],[105.83303070000011,20.907007217000114],[105.83363342300015,20.905565262000096],[105.83264160200008,20.902832032000049],[105.83291626000005,20.901575088000129],[105.83130645699998,20.901077269999973],[105.83103179900019,20.9001960760001],[105.82911682100018,20.900884628000028],[105.8284835820001,20.89980507000007],[105.83039093100007,20.898097992000032],[105.8279266360002,20.897274019000179],[105.8271942140002,20.897630692999996],[105.82771301300005,20.898553848999995],[105.82695007300015,20.898944855000025],[105.82694244400011,20.900585174000128],[105.82574462900004,20.900594712000043],[105.82532501200006,20.90331840500005],[105.81568908700012,20.902654648000123],[105.81620788600014,20.899486541999977],[105.81266784600012,20.898128509000173],[105.81267547600009,20.896835328000179],[105.81495666500007,20.895450593000135],[105.81282806299998,20.895259857000156],[105.81269836500007,20.893121719000135],[105.81407928400006,20.887483597000141],[105.81566619900019,20.886026382000068],[105.81407165600012,20.879787445000147],[105.81594085700016,20.879207612000073],[105.81540679900019,20.87808799700008],[105.81675720200013,20.874059678000094],[105.81533050500008,20.871725082000182],[105.81559753300019,20.870302200000083],[105.81893157900015,20.870592118000047],[105.82405853200009,20.869829177999975],[105.82245636000005,20.866125107000016],[105.82428741500013,20.862314225000034],[105.82440185600007,20.861478806000093],[105.82060241700003,20.860361099000045],[105.8207855230001,20.859102250000092],[105.81943511999998,20.858522415000152],[105.81986236500006,20.857141496000054],[105.82224273700001,20.856559753000113],[105.82139587500012,20.853925705000165],[105.82357788200011,20.841560363000042],[105.82183075000012,20.841121675000181],[105.82408142100013,20.837245941000106],[105.82711792000009,20.834386827000174],[105.82810974200009,20.83181953400009],[105.82778167700002,20.830259323000064],[105.82915496800007,20.827413560000082],[105.827278138,20.827690125000117],[105.83029174900008,20.825365067000121],[105.83764648400012,20.823947908000036],[105.83647155800003,20.821729661000063],[105.83675384500003,20.81751441900019],[105.84146118200005,20.814922332000037],[105.84127044600012,20.81392097500003],[105.83917236300016,20.814208984000174],[105.83861541700009,20.811519623000095],[105.83931732200017,20.811510087000045],[105.83973693900015,20.809906006999995],[105.8387603760001,20.805084229000045],[105.83689117400013,20.804937362000032],[105.83684539900014,20.800409317000117],[105.83415222200017,20.800558089000162],[105.83414459200009,20.795070648999967],[105.8426284800002,20.79609108000011],[105.85308074900001,20.801898957000105],[105.85814666700014,20.799543382000138],[105.85971832300015,20.800090790000127],[105.86996460000017,20.796819687000095],[105.86939239400004,20.795631408000133],[105.87166595500014,20.794387818000075],[105.86840057500018,20.789821626000105],[105.87700653100006,20.784873962000177],[105.87796020500014,20.786020277999967],[105.88189697200016,20.783605575000138],[105.88031768800005,20.782768250000004],[105.8819885260001,20.781723022000051],[105.88427734400011,20.782627106000064],[105.88494873000008,20.780612945000144],[105.88703918500011,20.781333923000091],[105.88991546600016,20.772216796000066],[105.89255523700012,20.773462295000172],[105.89310455300011,20.772365571000023],[105.89580535900012,20.773580552000112],[105.89643096899999,20.772857666000164],[105.89676666200018,20.772325516000024],[105.89486694300012,20.76882743800013],[105.8956298830002,20.767337800000178],[105.89134216300016,20.76394653400007],[105.88689422600009,20.756038666000165],[105.88735199000013,20.754022599000052],[105.89005279500003,20.751901627000052],[105.89427185000017,20.75529289300016],[105.89527893200017,20.754501343000072],[105.89635467500011,20.755006790000039],[105.8980484010001,20.753889085000026],[105.899063109,20.754785537000146],[105.90298461800006,20.752307893000136],[105.90363311800007,20.753559112000175],[105.9049606330002,20.752880097000002],[105.9062500010001,20.756452560000128],[105.90931701700003,20.757888795000042],[105.91051483100006,20.757450104000043]]]},"properties":{"FID":28,"GID_2":"VNM.27.30_1","GID_0":"VNM","COUNTRY":"Vietnam","GID_1":"VNM.27_1","NAME_1":"Hà Nội","NL_NAME_1":"NA","NAME_2":"Thường Tín","VARNAME_2":"Thuong Tin","NL_NAME_2":"NA","TYPE_2":"Huyện","ENGTYPE_2":"District","CC_2":"NA","HASC_2":"VN.TH.HH"}},{"type":"Feature","id":29,"geometry":{"type":"Polygon","coordinates":[[[105.8228149410001,20.657178878000025],[105.82207488900019,20.656848908000086],[105.81869506800007,20.660499574000028],[105.82234954900019,20.662105561000089],[105.82228851399998,20.664457322000089],[105.82772827100007,20.663667680000117],[105.83150482100007,20.661802292000118],[105.83248901400003,20.662319184000125],[105.84075927700019,20.659170151000069],[105.84002685500013,20.656740190000164],[105.84369659500004,20.65476608299997],[105.84545135500008,20.656787872000052],[105.84762573200015,20.655267716000026],[105.85165405300012,20.649215698000035],[105.8544998160001,20.646547317000113],[105.85858917300015,20.644794465000075],[105.86228179800008,20.645042419000163],[105.86704254100005,20.645408631000066],[105.87335205200014,20.643583298000124],[105.87713623100018,20.643091203000154],[105.8810195910001,20.643497467000032],[105.89116668700018,20.648212433000083],[105.89643859900013,20.652170181000145],[105.8961563110002,20.668827057000044],[105.89863586400008,20.668331146000128],[105.90300750700004,20.664787292000028],[105.90522766100008,20.665113450000035],[105.90537262000009,20.668350219000047],[105.90416717599999,20.670627593000177],[105.89486694300012,20.67581176900012],[105.89311218300003,20.678770065000094],[105.88638305700016,20.675724030000083],[105.88577270400003,20.679229736000025],[105.88361358499998,20.678043366000111],[105.88259887800012,20.685443878000115],[105.88433074900018,20.685743332000015],[105.88547516000011,20.689998626000033],[105.88639068500009,20.689344406000089],[105.8883285510002,20.690872192000029],[105.89193725500019,20.691982269000107],[105.89190673900015,20.692495346000044],[105.89143371600017,20.693445205000046],[105.88897705100004,20.691894532000049],[105.88924407900009,20.693105699000171],[105.88739776500012,20.695983887000125],[105.88764953700013,20.696521759000007],[105.87714386000016,20.702539444000138],[105.87761688200004,20.703273773000035],[105.8755111700001,20.704324722000024],[105.87160491999998,20.705966949000128],[105.87371826200007,20.710048676000042],[105.87050628600002,20.709300995000092],[105.86778259300019,20.709907532000102],[105.86402893000002,20.71416664100019],[105.8603057860002,20.715061187999993],[105.86043548600009,20.718938827000159],[105.85575866700009,20.720943451000096],[105.85507202100013,20.721860886000059],[105.85763549800004,20.725021362000064],[105.85503387400007,20.730670929000098],[105.85460662800006,20.731527329000073],[105.85288238500016,20.731676101999994],[105.8530731190001,20.732418061000033],[105.84994506800018,20.732858657000065],[105.85083007900016,20.737716675000058],[105.84622955300017,20.737049103000061],[105.84591674900003,20.741104126000096],[105.84427642900005,20.741781235000076],[105.84304809700018,20.740730286000087],[105.83703613300014,20.739831924000157],[105.83699035600017,20.740621568000165],[105.83432769800015,20.740179062000095],[105.82657623300014,20.737144470000032],[105.82498169000007,20.737867356000152],[105.82575988700006,20.738931656000091],[105.8222351070001,20.741701126000123],[105.82072448800011,20.73919868400003],[105.81701660200008,20.741054536000092],[105.81293487600004,20.743097306000152],[105.81349182200012,20.744762420000086],[105.81142425500019,20.746021271000075],[105.81018829400017,20.744464874000187],[105.80791473300008,20.745615005000047],[105.80348968600015,20.750720979000107],[105.79871368400001,20.749351502000025],[105.79371643000007,20.749439239000083],[105.79393005300011,20.759037018000072],[105.79242706200017,20.758710861000168],[105.79206848100006,20.762678146999974],[105.79627990800009,20.761716842000112],[105.79744720500014,20.76564025800019],[105.79831695600006,20.765867234000154],[105.7996826170002,20.770998002000113],[105.80384826700003,20.77138709999997],[105.80360412600004,20.775360108000086],[105.80555725000016,20.775720596000099],[105.80467987100013,20.778816223000149],[105.80297851600011,20.778528214000062],[105.80284118700001,20.779602052000087],[105.80666351400004,20.780220031000113],[105.79515075700004,20.783708572000023],[105.79107665900005,20.786235810000051],[105.7885284420002,20.789300919000084],[105.78585815400004,20.789060593000102],[105.78464508000002,20.791761399000109],[105.78248596200007,20.791362763000166],[105.78149414000012,20.789291381000169],[105.78021240200007,20.788831712000103],[105.77846527100002,20.790370942000095],[105.77690887500006,20.790567399000054],[105.77626037700003,20.790458679000153],[105.77585601800007,20.788000108000176],[105.76865387100003,20.788154603000123],[105.76690673900009,20.782962800000121],[105.76587677100014,20.782327652000163],[105.76440429700017,20.783430099000157],[105.76518249600014,20.784334184000102],[105.76383972200006,20.785419465000075],[105.76448059000018,20.786428452000166],[105.76325225800014,20.787025452000023],[105.7637329100001,20.787984848000178],[105.7596969610002,20.790254594000032],[105.75876617500012,20.789045335000083],[105.75739288300019,20.787384034000183],[105.75457763600002,20.791425706000098],[105.75311279300007,20.790376664000178],[105.75130462600009,20.792634965000104],[105.74900817800017,20.791446685000153],[105.74847412000003,20.791898727999978],[105.74543762300004,20.788887025000122],[105.74150085400004,20.791395186999978],[105.74163818500011,20.792018891000112],[105.73845672600004,20.793262482000046],[105.73934173499998,20.797000884999989],[105.73500061099998,20.809110642000178],[105.7321853640002,20.809131623000042],[105.72814941500013,20.807659149000074],[105.72580719000007,20.807542801000068],[105.71289062500006,20.808757781000054],[105.70925903300014,20.809726716000171],[105.70534515400004,20.799915314000032],[105.70542907800007,20.79851341300008],[105.7075042730001,20.795827865000092],[105.71075439500009,20.791765212000143],[105.71448516800012,20.787490845000093],[105.71722412100019,20.782934189000173],[105.724723815,20.778467179000074],[105.72608184800004,20.776487351000185],[105.72633361800007,20.772741318000158],[105.72504425000017,20.769226074000073],[105.72261810300006,20.765899658000023],[105.71897888300003,20.762054443000068],[105.71452331500018,20.756954193000126],[105.70880889900002,20.753023147000135],[105.70558166500018,20.751815795000084],[105.69885254000002,20.75165176500019],[105.69766235400016,20.750959397000088],[105.69673919600012,20.74660873400012],[105.6970672610002,20.742755891000058],[105.69812774600013,20.741607667000096],[105.70021820100015,20.742374420000033],[105.70853424100005,20.742303849000166],[105.72035980300006,20.740192413000045],[105.72978210400015,20.737630845000069],[105.73197937000003,20.735986711000066],[105.73359680100003,20.730215073000181],[105.73285675100004,20.726371765000181],[105.7309799200001,20.724344253000083],[105.73072814900019,20.722808838000162],[105.73143768400018,20.722211838000135],[105.73495483400001,20.721940995000182],[105.74092864900001,20.726207733000081],[105.74393463200016,20.727529527000058],[105.75062561100015,20.728206634000173],[105.75227356000016,20.728273392000006],[105.75536346500013,20.728677751000191],[105.75947570800014,20.731271745000072],[105.76142120400016,20.731618880999974],[105.76969146700009,20.726207733000081],[105.7711334220001,20.724418641000057],[105.77088165300017,20.722826004000126],[105.76598358100006,20.721599579000042],[105.76293945300012,20.71892356900014],[105.76228332500017,20.716869355000142],[105.76304626500007,20.711215973000094],[105.7627410890002,20.705934525000089],[105.76086425800008,20.701852799000051],[105.75876617500012,20.699722289000192],[105.75510406600006,20.697858812000106],[105.745758056,20.696472169000174],[105.74293518100012,20.694257735999997],[105.74263000400003,20.692264557000044],[105.74316406200018,20.690280914000141],[105.74600982700014,20.687219621000054],[105.75646972700019,20.679433823000124],[105.76313781700014,20.675014496000131],[105.77025604300007,20.670307161000153],[105.77720642100013,20.663782120000178],[105.78032684300007,20.661378860000127],[105.78341674800004,20.658521653000037],[105.79035949800016,20.64848709100005],[105.79404449500015,20.645494461000055],[105.80066680900006,20.642837524000072],[105.80225372300009,20.641510009000058],[105.80357360900007,20.637525559000096],[105.80260467400012,20.633506776000047],[105.80049133300014,20.631464004999998],[105.79496765100015,20.62791824400017],[105.78177642800017,20.627170562000117],[105.77834320000017,20.626041412000177],[105.77730560400011,20.624422073000176],[105.77739715600006,20.623790741000164],[105.78012085000017,20.622537612000144],[105.78500366200007,20.618001937000145],[105.79150390600017,20.61572647100013],[105.79559326100002,20.612649919000148],[105.79817199700005,20.611782074000189],[105.80341339200004,20.61270141600005],[105.80479431200007,20.615629196000157],[105.80661773700007,20.617109298000059],[105.81099701000011,20.618917465000038],[105.81293487600004,20.618700028000035],[105.81107330300011,20.627834319999977],[105.81182861399998,20.630445480000049],[105.81333923200009,20.633733749000044],[105.82391357500006,20.64058494599999],[105.82592773500011,20.64106369000018],[105.83075714099999,20.643920899000079],[105.83364868100017,20.647075652000069],[105.83370971700009,20.64915084900008],[105.82650756900011,20.652734757000133],[105.8228149410001,20.657178878000025]]]},"properties":{"FID":29,"GID_2":"VNM.27.1_1","GID_0":"VNM","COUNTRY":"Vietnam","GID_1":"VNM.27_1","NAME_1":"Hà Nội","NL_NAME_1":"NA","NAME_2":"Ứng Hòa","VARNAME_2":"Ung Hoa","NL_NAME_2":"NA","TYPE_2":"Huyện","ENGTYPE_2":"District","CC_2":"NA","HASC_2":"VN.HI.HM"}}]}